﻿BBL,Boro,Block ,Lot,PHN,Street,Owner Name,Bldg ID,BIN,Units,Housing Type,Tax Class,Program,HPD AM Oversight,Comments,Community District,City Council District,Assembly District,State Senatorial District,Congressional District,ZIP Code,Census Tract
2025110027,2,2511,27,100,WEST 162 STREET,100 West 162 Street HDFC,120925,2003179,16,COOP,2,Tenant Interim Lease (TIL),Mark Matthews,,204,8,84,29,15,10452,189
2025080043,2,2508,43,1001,ANDERSON AVENUE,1001 Anderson Avenue HDFC,45408,2003145,22,COOP,2,Tenant Interim Lease (TIL),Mark Matthews,,204,8,84,29,15,10452,189
2029980145,2,2998,145,1003,EAST 174 STREET,1003-5 East 174 Street HDFC,65633,2010815,43,COOP,2,Tenant Interim Lease (TIL),Mark Matthews,,203,17,85,32,15,10460,161
2029980135,2,2998,135,1007,EAST 174 STREET,1007-09 East 174 Street HDFC,65634,2010814,45,COOP,2,Tenant Interim Lease (TIL),Mark Matthews,,203,17,85,32,15,10460,161
2027560059,2,2756,59,1012,LONGFELLOW AVENUE,1012 Longfellow Avenue HDFC,92341,2006251,4,COOP,2,Tenant Interim Lease (TIL),Mark Matthews,,202,17,85,32,15,10459,119
2025080041,2,2508,41,1015,ANDERSON AVENUE,1015 Anderson Avenue HDFC,45409,2003144,22,COOP,2,Tenant Interim Lease (TIL),Mark Matthews,,204,8,84,29,15,10452,189
2027210043,2,2721,43,1015,LONGWOOD AVENUE,1015 Longwood Avenue HDFC,92539,2005746,23,COOP,2,Community Management Program (CMP),Sara Greene-Deshong,,202,17,85,32,15,10459,89
2025230150,2,2523,150,1015,SUMMIT AVENUE,1015 Summit Avenue HDFC,112023,2003424,38,COOP,2,Tenant Interim Lease (TIL),Mark Matthews,,204,8,77,29,15,10452,189
2027210042,2,2721,42,1019,LONGWOOD AVENUE,1019 LONGWOOD AVE HDFC,92540,2005745,16,COOP,2,,,,202,17,85,32,15,10459,89
2027170070,2,2717,70,1020,TIFFANY STREET,1020 Tiffany Street HDFC,114933,2005688,13,COOP,2,Tenant Interim Lease (TIL),Mark Matthews,,202,17,85,32,15,10459,12701
2026830100,2,2683,100,631,SOUTHERN BOULEVARD,1021-27 Avenue Saint John HDFC,110180,2005092,81,COOP,2,Tenant Interim Lease (TIL),Mark Matthews,,202,8,84,32,15,10455,83
2027210041,2,2721,41,1023,LONGWOOD AVENUE,1023 Longwood Avenue HDFC,92541,2005744,20,RENTAL,2,Community Management Program (CMP),,,202,17,85,32,15,10459,89
2027200041,2,2720,41,1025,LEGGETT AVENUE,1025-27 Leggett Avenue HDFC,91400,2005724,57,COOP,2,Tenant Interim Lease (TIL),Mark Matthews,,202,8,85,32,15,10455,85
2026220052,2,2622,52,1033,CAULDWELL AVENUE,1033 Cauldwell Avenue HDFC,55756,2004405,24,COOP,2,Tenant Interim Lease (TIL),Mark Matthews,,203,16,79,32,15,10456,185
2026030026,2,2603,26,596,SOUTHERN BOULEVARD,1034 Avenue Saint John HDFC,110178,2004129,32,RENTAL,2,Community Management Program (CMP),,,202,8,84,32,15,10455,83
2037170018,2,3717,18,1036,MANOR AVENUE,1036 Manor Avenue HDFC,94063,2023554,44,COOP,2,Tenant Interim Lease (TIL),Mark Matthews,,209,18,85,32,15,10472,48
2026030030,2,2603,30,2180,CRUGER AVENUE,1044 Avenue Saint John HDFC,46461,2004130,47,RENTAL,2,Community Management Program (CMP),,,211,13,80,34,14,10462,22403
2025080026,2,2508,26,1045,ANDERSON AVENUE,1045 Anderson Avenue HDFC,45413,2003142,50,COOP,2,Tenant Interim Lease (TIL),Mark Matthews,,204,8,84,29,15,10452,189
2023890047,2,2389,47,1169,WASHINGTON AVENUE,1046 WASHINGTON AVENUE HDFC,938403,2000000,3,1- to 4-Family Home [Under development],1,,,,203,16,79,32,15,10456,145
2026630059,2,2663,59,767,EAST 168 STREET,1046 WASHINGTON AVENUE HDFC,65080,2004768,3,1- to 4-Family Home [Under development],1,Neighborhood Homes Program (NHP),,,203,17,79,32,15,10456,151
2029350025,2,2935,25,645,JEFFERSON PLACE,1046 WASHINGTON AVENUE HDFC,88680,2009776,3,1- to 4-Family Home [Under development],1,Neighborhood Homes Program (NHP),,,203,16,79,33,15,10456,149
2027170048,2,2717,48,1049,FOX STREET,1049 Fox Street HDFC,79027,2005682,42,COOP,2,Tenant Interim Lease (TIL),Mark Matthews,,202,17,85,32,15,10459,12701
2026910016,2,2691,16,1052,PROSPECT AVENUE,1052 Prospect Avenue HDFC,104251,2091993,11,COOP,2,Tenant Interim Lease (TIL),Mark Matthews,,202,17,79,32,15,10459,131
2024330066,2,2433,66,1069,TELLER AVENUE,1069 Teller Avenue HDFC,112744,2002237,6,COOP,2,Tenant Interim Lease (TIL),Mark Matthews,,204,16,77,32,15,10456,175
2027440010,2,2744,10,1082,SOUTHERN BOULEVARD,1082 Southern Boulevard HDFC,109966,2006028,19,COOP,2,Tenant Interim Lease (TIL),Mark Matthews,,202,17,85,32,15,10459,12701
2027510008,2,2751,8,1096,WEST FARMS ROAD,1096 West Farms Road HDFC,122022,2006151,15,COOP,2,Tenant Interim Lease (TIL),Mark Matthews,,202,17,85,32,15,10459,12701
2028260024,2,2826,24,108,EAST 176 STREET,110 East 176 Street HDFC,65790,2007882,37,COOP,2,Tenant Interim Lease (TIL),Mark Matthews,,205,14,86,33,15,10453,22701
2037400005,2,3740,5,1100-04,Elder Ave,1100 ELDER AVENUE HDFC,120150,,71,COOP,,,Mark Matthews,,209,17,85,32,15,10472,
2027270027,2,2727,27,1102,SIMPSON STREET,1102 Simpson Avenue HDFC,109694,2005803,21,COOP,2,Tenant Interim Lease (TIL),Mark Matthews,,202,17,85,32,15,10459,12701
2026080022,2,2608,22,1103,FRANKLIN AVENUE,1103 Franklin Avenue HDFC,79250,2004201,20,COOP,2,Tenant Interim Lease (TIL),Mark Matthews,Subdivided from Lot 19,203,16,79,32,15,10456,185
2024260003,2,2426,3,1104,CLAY AVENUE,1104 CLAY AVENUE HSNG & DEV FUND CORP,56804,2002067,11,RENTAL  Shd be COOP,2,Article 8A Loan,,,204,16,77,32,15,10456,143
2027270039,2,2727,39,1111,SOUTHERN BOULEVARD,1111 Southern Boulevard HDFC,109975,2005804,26,COOP,2,Tenant Interim Lease (TIL),Mark Matthews,,202,17,85,32,15,10459,12701
2024520029,2,2452,29,1113,GRANT AVENUE,1113-17 Grant Avenue HDFC,82034,2002660,70,COOP,2,Tenant Interim Lease (TIL),Mark Matthews,,204,16,77,32,15,10456,18101
2027440060,2,2744,60,1116,HOE AVENUE,1116 Hoe Avenue HDFC,85452,2006047,24,COOP,2,Tenant Interim Lease (TIL),Mark Matthews,,202,17,85,32,15,10459,12701
2024340007,2,2434,7,1120,COLLEGE AVENUE,1120 College Avenue HDFC,57757,2002254,10,COOP,2,Tenant Interim Lease (TIL),Mark Matthews,,204,16,77,32,15,10456,175
2024490009,2,2449,9,1120,GRANT AVENUE,1120 Grant Avenue HDFC,82037,2002567,6,COOP,2,Tenant Interim Lease (TIL),Mark Matthews,,204,16,77,32,15,10456,18101
2037480059,2,3748,59,1131,CROES AVENUE,1131 Croes Avenue HDFC,59349,2024101,4,COOP,2,Tenant Interim Lease (TIL),Mark Matthews,,209,18,85,32,15,10472,68
2027450038,2,2745,38,1155,HOE AVENUE,1155 Hoe Avenue HDFC,85464,2006065,9,COOP,2,Tenant Interim Lease (TIL),Mark Matthews,,203,17,85,32,15,10459,125
2037370037,2,3737,37,1160,COLGATE AVENUE,1160 Colgate Avenue HDFC,57693,2023761,17,COOP,2,Tenant Interim Lease (TIL),Mark Matthews,,209,17,85,32,15,10472,52
2026090051,2,2609,51,1165,FULTON AVENUE,1165 Fulton Avenue HDFC,79703,2004220,40,COOP,2,Community Management Program (CMP),Mark Matthews,,203,16,79,32,15,10456,145
2024880036,2,2488,36,1175,GERARD AVENUE,1175 Gerard Avenue HDFC,80080,2003002,44,COOP,2,Tenant Interim Lease (TIL),Mark Matthews,,204,16,84,29,15,10452,197
2025100050,2,2510,50,1185,ANDERSON AVENUE,1175-77-85 Anderson HDFC,45434,2098786,116,COOP,2,Tenant Interim Lease (TIL),Mark Matthews,,204,16,77,29,15,10452,199
2026090043,2,2609,43,1185,FULTON AVENUE,1185 Fulton Avenue HDFC,79708,2004217,42,COOP,2,Tenant Interim Lease (TIL),Mark Matthews,,203,16,79,32,15,10456,145
2024300035,2,2430,35,1187,CLAY AVENUE,1187-89 Clay Avenue HDFC,56826,2002155,24,RENTAL,,LIHTC Year 15 Preservation Program,Mark Matthews,,204,16,77,32,15,10456,17701
2025100006,2,2510,6,1200,WOODYCREST AVENUE,1200 Woodcrest Avenue HDFC,125669,2003158,49,COOP,2,Tenant Interim Lease (TIL),Mark Matthews,,204,16,77,29,15,10452,199
2025100074,2,2510,74,1201,SHAKESPEARE AVENUE,1201 Shakespeare Avenue HDFC,109322,2003174,62,COOP,2,Tenant Interim Lease (TIL),Mark Matthews,,204,16,84,29,15,10452,199
2023890031,2,2389,31,1211,WASHINGTON AVENUE,1211 Washington Avenue HDFC,119687,2001603,8,COOP,2,Tenant Interim Lease (TIL),Mark Matthews,,203,16,79,32,15,10456,145
2026630004,2,2663,4,1218,BOSTON ROAD,1218 Boston Road HDFC,50383,2004742,13,COOP,2,Tenant Interim Lease (TIL),Mark Matthews,,203,17,79,32,15,10456,151
2026150055,2,2615,55,1225,BOSTON ROAD,1225 Boston Road HDFC,50385,2004311,26,COOP,2,Tenant Interim Lease (TIL),Mark Matthews,,203,16,79,32,15,10456,149
2026630011,2,2663,11,1230,BOSTON ROAD,1230 Boston Road HDFC,50388,2004745,20,COOP,2,Tenant Interim Lease (TIL),Mark Matthews,,203,17,79,32,15,10456,151
2027650140,2,2765,140,1230,SPOFFORD AVENUE,1230 Spofford Avenue HDFC,110412,2006612,66,COOP,2,Tenant Interim Lease (TIL),Mark Matthews,,202,17,84,32,15,10474,93
2027570014,2,2757,14,1244,WESTCHESTER AVENUE,1244-46 Westchester Avenue HDFC,122199,2006276,59,RENTAL,2,Community Management Program (CMP),,,202,17,85,32,15,10459,12102
2027630190,2,2763,190,1290,LAFAYETTE AVENUE,1290 Lafayette Avenue HDFC,90954,2006548,51,COOP,2,Tenant Interim Lease (TIL),Mark Matthews,,202,17,84,32,15,10474,117
2047110028,2,4711,28,1314,OAKLEY STREET,1314 Oakley Street HDFC,99979,2059931,4,COOP,2,Tenant Interim Lease (TIL),Mark Matthews,,212,12,83,36,16,10469,382
2025180028,2,2518,28,132,WEST 169 STREET,132 West 169 Street HDFC,120983,2003314,25,COOP,2,Tenant Interim Lease (TIL),Mark Matthews,,204,16,77,29,15,10452,211
2029720034,2,2972,34,1347,BRISTOW STREET,1347 Bristow Street HDFC,51561,2010431,27,COOP,2,Tenant Interim Lease (TIL),Mark Matthews,,203,16,79,32,15,10459,153
2029330029,2,2933,29,1372,FRANKLIN AVENUE,1372 Franklin Avenue HDFC,79307,2009735,48,COOP,2,Tenant Interim Lease (TIL),Mark Matthews,,203,16,79,33,15,10456,149
2028720001,2,2872,1,1372,SHAKESPEARE AVENUE,1372 Shakespeare Avenue HDFC,109371,2008645,51,COOP,2,Tenant Interim Lease (TIL),Mark Matthews,,204,16,77,29,15,10452,21302
2025220109,2,2522,109,1383,PLIMPTON AVENUE,1383 Plimpton Avenue HDFC,103554,2003396,26,COOP,2,Tenant Interim Lease (TIL),Mark Matthews,,204,16,77,29,15,10452,211
2029620044,2,2962,44,1409,PROSPECT AVENUE,1409 Prospect Avenue HDFC,104337,2010202,11,COOP,2,Tenant Interim Lease (TIL),Mark Matthews,,203,16,79,32,15,10459,151
2029660017,2,2966,17,1500,BOSTON ROAD,1500 Boston Road HDFC,50453,2010278,43,COOP,2,Tenant Interim Lease (TIL),Mark Matthews,,203,17,79,32,15,10460,153
2039200033,2,3920,33,1512,BEACH AVENUE,1512 Beach Avenue HDFC,48968,2028635,30,RENTAL,2,Tenant Interim Lease (TIL),,,209,18,87,32,15,10460,218
2029670006,2,2967,6,1549,SEABURY PLACE,1555 Seabury Place HDFC,806923,2010300,54,COOP,2,Tenant Interim Lease (TIL),Mark Matthews,,203,17,79,32,15,10460,153
2028760001,2,2876,1,1600,NELSON AVENUE,1600 Nelson Avenue HDFC,99218,2008793,32,COOP,2,Tenant Interim Lease (TIL),Mark Matthews,,205,14,77,29,15,10453,21502
2030100004,2,3010,4,1670,LONGFELLOW AVENUE,1670 Longfellow Avenue HDFC,92450,2010933,73,COOP,2,Tenant Interim Lease (TIL),Mark Matthews,,203,17,79,32,15,10460,161
2028670047,2,2867,47,1711,DAVIDSON AVENUE,1711 Davidson Avenue HDFC,60426,2008501,87,COOP,2,Tenant Interim Lease (TIL),Mark Matthews,,205,14,77,29,15,10453,217
2028490028,2,2849,28,1731,TOWNSEND AVENUE,1711-1723 TOWNSEND AVE HOUSING DEVELOPMENT FUND CORP C/O LEMLE & WOLFF,806999,2008178,21,COOP,2,CityHome,,,205,14,77,33,15,10453,22701
2028490033,2,2849,33,1719,TOWNSEND AVENUE,1711-1723 TOWNSEND AVE HOUSING DEVELOPMENT FUND CORP C/O LEMLE & WOLFF,115674,2008181,21,COOP,2,CityHome,,,205,14,77,33,15,10453,22701
2028760131,2,2876,131,1713,NELSON AVENUE,1715 Nelson Avenue HDFC,99253,2008839,49,COOP,2,Tenant Interim Lease (TIL),Mark Matthews,,205,14,77,29,15,10453,21502
2028260011,2,2826,11,1770,WALTON AVENUE,1770 Walton Avenue HDFC,119076,2007880,38,COOP,2,Tenant Interim Lease (TIL),Mark Matthews,,205,14,86,33,15,10453,22701
2027990022,2,2799,22,1776,TOPPING AVENUE,1776 Topping Avenue HDFC,115572,2007497,25,COOP,2,Tenant Interim Lease (TIL),Mark Matthews,,205,15,86,33,15,10457,22901
2024610083,2,2461,83,185,EAST 163 STREET,185 East 163 Street HDFC,64559,2002821,39,COOP,2,Tenant Interim Lease (TIL),Mark Matthews,,204,8,77,32,15,10451,18301
2028020005,2,2802,5,1854,MONROE AVENUE,1854 Monroe Avenue HDFC,96820,2007550,26,COOP,2,Tenant Interim Lease (TIL),Mark Matthews,,205,15,86,33,15,10457,23302
2028050008,2,2805,8,1870,MORRIS AVENUE,1870 MORRIS AVE HOUSING DEVELOPMENT FUND CORP,97431,2007616,25,RENTAL,2,Participation Loan Program (PLP),,OTP,205,14,86,33,15,10453,23301
2030160005,2,3016,5,1898,LONGFELLOW AVENUE,1898 Longfellow Avenue HDFC,92456,2010964,17,COOP,2,Tenant Interim Lease (TIL),Mark Matthews,,206,17,87,32,15,10460,359
2030160007,2,3016,7,1900,LONGFELLOW AVENUE,1900 Longfellow Avenue HDFC,92457,2010965,28,COOP,2,Tenant Interim Lease (TIL),Mark Matthews,,206,17,87,32,15,10460,359
2029850023,2,2985,23,1922,CROTONA PARKWAY,1922 Crotona Parkway HDFC,60061,2010620,17,COOP,2,Tenant Interim Lease (TIL),Mark Matthews,,206,17,87,32,15,10460,359
2032210024,2,3221,24,1944,LORING PLACE SOUTH,1944 Loring Place HDFC,92772,2014861,27,COOP,2,Tenant Interim Lease (TIL),Mark Matthews,,205,14,86,33,15,10453,24502
2031060044,2,3106,44,1961,MAPES AVENUE,1961 Mapes Avenue HDFC,94207,2012938,23,COOP,2,Tenant Interim Lease (TIL),Mark Matthews,,206,17,79,33,15,10460,36501
2028680121,2,2868,121,1966,DR M L KING JR BOULEVARD,1966 University Avenue HDFC,116879,2008551,11,COOP,2,Tenant Interim Lease (TIL),Mark Matthews,,205,14,86,29,15,10453,243
2031170010,2,3117,10,851,EAST TREMONT AVENUE,1968 Marmon Avenue HDFC,74491,2013091,22,COOP,2,Tenant Interim Lease (TIL),Mark Matthews,,206,17,79,32,15,10460,36501
2030920006,2,3092,6,1974,CROTONA AVENUE,1974 Crotona Avenue HDFC,59844,2012615,25,COOP,2,Tenant Interim Lease (TIL),Mark Matthews,,206,17,79,33,15,10457,371
2028700007,2,2870,7,1986,GRAND AVENUE,1986 Grand Avenue HDFC,81442,2008622,28,COOP,2,Tenant Interim Lease (TIL),Mark Matthews,,205,14,86,29,15,10453,243
2031270001,2,3127,1,2000,DALY AVENUE,2000 Daly Avenue HDFC,60352,2013199,50,COOP,2,Tenant Interim Lease (TIL),Mark Matthews,,206,17,87,32,15,10460,363
2028690143,2,2869,143,2015,GRAND AVENUE,2015 Grand Avenue HDFC,81456,2008611,31,COOP,2,Tenant Interim Lease (TIL),Mark Matthews,,205,14,86,29,15,10453,243
2028080090,2,2808,90,2017,GRAND CONCOURSE,2017 Grand Concourse HDFC,81758,2007695,7,COOP,2,Tenant Interim Lease (TIL),Mark Matthews,,205,14,86,33,15,10453,23501
2030800041,2,3080,41,2023,Belmont Ave,2023 BELMONT AVENUE HOUSING DEVELOPMENT FUND CORP,806287,,28,COOP,,Tenant Interim Lease (TIL),Mark Matthews,,206,15,79,33,15,10457,373
2030800004,2,3080,4,2024,HUGHES AVENUE,2024 Hughes Avenue HDFC,87224,2092278,28,COOP,2,Tenant Interim Lease (TIL),Mark Matthews,,206,15,79,33,15,10457,373
2031490061,2,3149,61,2025,VALENTINE AVENUE,2025 Valentine Avenue HDFC,116967,2013522,36,COOP,2,Tenant Interim Lease (TIL),Mark Matthews,,205,15,86,33,15,10457,381
2030690090,2,3069,90,2039,HUGHES AVENUE,2039 Hughes Avenue HDFC,87231,2012016,12,COOP,2,Community Management Program (CMP),Sara Greene-Deshong,,206,15,86,33,15,10457,373
2031930028,2,3193,28,2059,DAVIDSON AVENUE,2055-61 Davidson Avenue HDFC,60471,2014158,22,RENTAL,2,Tenant Interim Lease (TIL),,,205,14,86,33,15,10453,251
2031930030,2,3193,30,2055,DAVIDSON AVENUE,2055-61 Davidson Avenue HDFC,60470,2014159,22,RENTAL,2,Tenant Interim Lease (TIL),,,205,14,86,33,15,10453,251
2030450019,2,3045,19,2076,BATHGATE AVENUE,2068-72-78 Bathgate Avenue HDFC,48271,2092223,40,COOP,2,Tenant Interim Lease (TIL),Mark Matthews,,206,15,86,33,15,10457,395
2028040011,2,2804,11,212,EAST TREMONT AVENUE,210-12 East Tremont Avenue HDFC,73932,2007594,10,COOP,2,Tenant Interim Lease (TIL),Mark Matthews,,205,15,86,33,15,10457,23302
2030810042,2,3081,42,2114,BELMONT AVENUE,2114 Belmont Avenue HDFC,49427,2012360,16,COOP,2,Community Management Program (CMP),Mark Matthews,,206,15,78,33,15,10457,373
2031250008,2,3125,8,2116,HONEYWELL AVENUE,2116 Honeywell Avenue HDFC,87090,2013178,10,COOP,2,Tenant Interim Lease (TIL),Mark Matthews,,206,17,87,32,15,10460,363
2031110004,2,3111,4,2120,MAPES AVENUE,2120 Mapes Avenue HDFC,94237,2012994,30,COOP,2,Community Management Program (CMP),Sara Greene-Deshong,,206,15,79,33,15,10460,36501
2031440018,2,3144,18,2122,VALENTINE AVENUE,2122 Valentine Avenue HDFC,117019,2013355,24,COOP,2,Tenant Interim Lease (TIL),Mark Matthews,,205,15,86,33,15,10457,379
2031430033,2,3143,33,2130,TIEBOUT AVENUE,2130 Tiebout Avenue HDFC,114411,2013305,33,COOP,2,Tenant Interim Lease (TIL),Mark Matthews,,205,15,86,33,15,10457,379
2030980050,2,3098,50,2131,CLINTON AVENUE,2131 Clinton Avenue HDFC,57116,200000,27,COOP,2,Tenant Interim Lease (TIL),Mark Matthews,,206,15,78,33,15,10457,371
2030970053,2,3097,53,2141,PROSPECT AVENUE,2141 Prospect Avenue HDFC,104414,2012753,15,COOP,2,Community Management Program (CMP),Mark Matthews,,206,15,79,33,15,10457,371
2028040013,2,2804,13,216,EAST TREMONT AVENUE,216 EAST TREMONT AVENUE HOUSING DEVELOPMENT FUND CORPORATION,73938,2007595,10,COOP,2,Article 8A Loan,,,205,15,86,33,15,10457,23302
2030830045,2,3083,45,2167,CROTONA AVENUE,2167 Crotona Avenue HDFC,59903,2012404,26,COOP,2,Community Management Program (CMP),Sara Greene-Deshong,,206,15,78,33,15,10457,373
2031800013,2,3180,13,2163,MORRIS AVENUE,216O MORRIS AVE HOUSING DEVELOPMENT FUND CORPORATION,97513,2013970,21,COOP,2,Article 8A Loan,,,205,14,86,33,15,10453,239
2027940062,2,2794,62,221,EAST 173 STREET,221 East 173 Street HDFC,65580,2007405,36,COOP,2,Tenant Interim Lease (TIL),Mark Matthews,,204,15,86,33,15,10457,22902
2030710064,2,3071,64,2247,HUGHES AVENUE,2247 Hughes Avenue HDFC,87283,2012102,8,COOP,2,Tenant Interim Lease (TIL),Mark Matthews,,206,15,78,33,15,10457,391
2030300143,2,3030,143,2250,WEBSTER AVENUE,2250 Webster Avenue HDFC,120595,2011164,21,COOP,2,Tenant Interim Lease (TIL),Mark Matthews,,206,15,86,33,15,10457,38302
2032250091,2,3225,91,2292,LORING PLACE NORTH,2292 Loring Place HDFC,92694,2014940,8,COOP,2,Tenant Interim Lease (TIL),Mark Matthews,,207,14,86,33,13,10468,255
2032250171,2,3225,171,2323,LORING PLACE NORTH,2323 Loring Place North HDFC,92714,2014966,9,COOP,2,Tenant Interim Lease (TIL),Mark Matthews,,207,14,86,33,13,10468,255
2032090045,2,3209,45,2333,GRAND AVENUE,2333 Grand Avenue HDFC,81557,2014559,42,COOP,2,Tenant Interim Lease (TIL),Mark Matthews,,207,14,86,33,15,10468,253
2030730039,2,3073,39,2380,ARTHUR AVENUE,2380 Arthur Avenue HDFC,46235,2012138,14,RENTAL,2,Tenant Interim Lease (TIL),,,206,15,78,33,15,10458,391
2031520029,2,3152,29,2385,VALENTINE AVENUE,2385 Valentine Avenue HDFC,117079,2013581,46,RENTAL,2,Community Management Program (CMP),,,205,15,86,33,15,10458,23702
2030730041,2,3073,41,2386,ARTHUR AVENUE,2386 Arthur Avenue HDFC,46236,2012139,13,COOP,2,Tenant Interim Lease (TIL),Mark Matthews,,206,15,78,33,15,10458,391
2031730001,2,3173,1,2384,MORRIS AVENUE,2386 Morris Avenue HDFC,97565,2013902,33,COOP,2,Tenant Interim Lease (TIL),Mark Matthews,,205,14,86,33,15,10468,23703
2028090022,2,2809,22,240,ECHO PLACE,240 Echo Place HDFC,74899,2007706,43,COOP,2,Tenant Interim Lease (TIL),Mark Matthews,,205,15,86,33,15,10457,23502
2031990062,2,3199,62,2400,DAVIDSON AVENUE,2400-2410 Davidson Avenue HDFC,60519,2014321,51,COOP,2,Tenant Interim Lease (TIL),Mark Matthews,,207,14,86,33,15,10468,253
2031990066,2,3199,66,2410,DAVIDSON AVENUE,2400-2410 Davidson Avenue HDFC,60521,2014322,51,COOP,2,Tenant Interim Lease (TIL),Mark Matthews,,207,14,86,33,15,10468,253
2031050005,2,3105,5,2420,BEAUMONT AVENUE,2420 Beaumont Avenue HDFC,49171,2012903,17,COOP,2,Tenant Interim Lease (TIL),Mark Matthews,,206,15,78,33,15,10458,389
2030770033,2,3077,33,2456,ARTHUR AVENUE,2456 Arthur Avenue HDFC,46259,2012242,9,COOP,2,Tenant Interim Lease (TIL),Mark Matthews,,206,15,78,33,15,10458,389
2028100026,2,2810,26,250,EAST 178 STREET,250 East 178 Street HDFC,65961,2007728,60,COOP,2,Tenant Interim Lease (TIL),Mark Matthews,,205,15,86,33,15,10457,23502
2031510028,2,3151,28,254,EAST 184 STREET,254 East 184 Street HDFC,66577,2013572,25,COOP,2,Tenant Interim Lease (TIL),Mark Matthews,,205,15,86,33,15,10458,38301
2032770014,2,3277,14,2656,DECATUR AVENUE,2656 Decatur Street HDFC,60812,2016364,23,RENTAL,2,Tenant Interim Lease (TIL),,,207,15,78,33,13,10458,397
2032820046,2,3282,46,2665,DECATUR AVENUE,2665 Decatur Avenue HDFC,60817,2016481,26,COOP,2,Community Management Program (CMP),Sara Greene-Deshong,,207,15,78,33,13,10458,40502
2033000013,2,3300,13,2670,VALENTINE AVENUE,2670 Valentine Avenue HDFC,117115,2016996,11,COOP,2,Tenant Interim Lease (TIL),Mark Matthews,,207,15,78,33,13,10458,40501
2033000015,2,3300,15,2674,VALENTINE AVENUE,2674 Valentine Avenue HDFC,117116,2016997,11,COOP,2,Tenant Interim Lease (TIL),Mark Matthews,,207,15,78,33,13,10458,40501
2031490096,2,3149,96,268,EAST 181 STREET,268 East 181 Street HDFC,66302,2013538,26,COOP,2,Tenant Interim Lease (TIL),Mark Matthews,,205,15,86,33,15,10457,381
2023010002,2,2301,2,270,ALEXANDER AVENUE,270 Alexander Avenue HDFC,44886,2000583,10,RENTAL,2,Community Management Program (CMP),,,201,8,84,29,15,10454,39
2024210013,2,2421,13,270,EAST 162 STREET,270 East 162 Street HDFC,64482,2001927,9,COOP,2,Tenant Interim Lease (TIL),Mark Matthews,,204,17,79,32,15,10451,173
2023010003,2,2301,3,272,ALEXANDER AVENUE,272 Alexander Avenue HDFC,44888,2000584,13,COOP,2,Urban Homesteading Program (UHP),Mark Matthews,,201,8,84,29,15,10454,39
2032930052,2,3293,52,274,EAST 194 STREET,274 East 194 Street HDFC,66892,2016798,20,COOP,2,Community Management Program (CMP),Sara Greene-Deshong,,207,15,78,33,13,10458,39901
2032770023,2,3277,23,2676,DECATUR AVENUE,2776 Decatur Avenue HDFC,60821,2016367,16,COOP,2,Tenant Interim Lease (TIL),Mark Matthews,,207,15,78,33,13,10458,397
2033040175,2,3304,175,2789,VALENTINE AVENUE,2789 Valentine Avenue HDFC,117136,2017161,9,RENTAL,2,Tenant Interim Lease (TIL),,,207,15,78,33,13,10458,40302
2027840039,2,2784,39,305,EAST 171 STREET,305 East 171 Street HDFC,65391,2007254,9,COOP,2,Tenant Interim Lease (TIL),Mark Matthews,,204,16,77,33,15,10457,225
2033220037,2,3322,37,3177,VILLA AVENUE,3175-77 Villa Avenue HDFC,807029,2092519,29,COOP,2,Tenant Interim Lease (TIL),Mark Matthews,,207,11,78,36,13,10468,411
2024100031,2,2410,31,318,EAST 151 STREET,318-320 East 151 Street HDFC,63848,2001838,12,COOP,2,Tenant Interim Lease (TIL),Mark Matthews,,201,17,84,29,15,10451,65
2024100032,2,2410,32,320,EAST 151 STREET,318-320 East 151 Street HDFC,63849,2001839,12,COOP,2,Tenant Interim Lease (TIL),Mark Matthews,,201,17,84,29,15,10451,65
2033470043,2,3347,43,3279,HULL AVENUE,3279 Hull Avenue HDFC,87500,2018362,51,COOP,2,Tenant Interim Lease (TIL),Mark Matthews,,207,11,81,36,13,10467,42902
2023010004,2,2301,4,274,ALEXANDER AVENUE,330 East 139 Street HDFC,44890,2000585,11,COOP,2,Tenant Interim Lease (TIL),Mark Matthews,,201,8,84,29,15,10454,39
2033520001,2,3352,1,333,EAST 209 STREET,333-35 East 209 Street HDFC,67516,2018488,43,COOP,2,Tenant Interim Lease (TIL),Mark Matthews,,207,11,80,36,13,10467,42902
2023010007,2,2301,7,342,EAST 139 STREET,342 East 139 Street HDFC,62897,2000587,16,COOP,2,Tenant Interim Lease (TIL),Mark Matthews,,201,8,84,29,15,10454,39
2032770002,2,3277,2,389,EAST 194 STREET,389 East 194 Street HDFC,66953,2016355,16,COOP,2,Community Management Program (CMP),Sara Greene-Deshong,,207,15,78,33,13,10458,397
2022780015,2,2278,15,414,EAST 134 STREET,414 East 134 Street HDFC,62492,2000147,3,COOP,1,Tenant Interim Lease (TIL),Mark Matthews,,201,8,84,29,15,10454,19
2023790032,2,2379,32,421,EAST 157 STREET,419-21 East 157 Street HDFC,64154,2001444,26,COOP,2,Tenant Interim Lease (TIL),Mark Matthews,,201,17,79,32,15,10451,69
2023750029,2,2375,29,425,EAST 153 STREET,425 East 153 Street HDFC,63932,2001379,26,COOP,2,Tenant Interim Lease (TIL),Mark Matthews,,201,17,84,32,15,10455,67
2022930041,2,2293,41,426,EAST 149 STREET,426 East 149 Street HDFC,63723,2000533,11,COOP,2,Tenant Interim Lease (TIL),Mark Matthews,,201,8,84,29,15,10455,43
2023780019,2,2378,19,428,EAST 157 STREET,428 East 157 Street HDFC,64157,2001423,21,COOP,2,Tenant Interim Lease (TIL),Mark Matthews,,201,17,79,32,15,10451,69
2023790028,2,2379,28,429,EAST 157 STREET,429 East 157 Street HDFC,64158,2001442,21,COOP,2,Tenant Interim Lease (TIL),Mark Matthews,,201,17,79,32,15,10451,69
2022930043,2,2293,43,430,EAST 149 STREET,430 East 149 Street HDFC,63725,2000535,10,COOP,2,Tenant Interim Lease (TIL),Mark Matthews,,201,8,84,29,15,10455,43
2023860037,2,2386,37,450,EAST 165 STREET,450-52 East 165 Street HDFC,64781,2001549,25,COOP,2,Tenant Interim Lease (TIL),Mark Matthews,,203,17,79,32,15,10456,185
2030380046,2,3038,46,4554,PARK AVENUE,4554 Park Avenue HDFC,101338,2011345,31,COOP,2,Tenant Interim Lease (TIL),Mark Matthews,,206,15,78,33,15,10458,385
2030350048,2,3035,48,1961,WASHINGTON AVENUE,463 East 178 Street HDFC,119788,2011265,38,COOP,2,Tenant Interim Lease (TIL),Mark Matthews,,206,15,86,33,15,10457,395
2022850060,2,2285,60,475,EAST 140 STREET,475 East 140 Street HDFC,63058,200000,10,RENTAL,2,Community Management Program (CMP),,,201,8,84,29,15,10454,39
2025570046,2,2557,46,485,JACKSON AVENUE,485 Jackson Avenue HDFC,88534,2003693,31,RENTAL,2,Community Management Program (CMP),,,201,8,84,29,15,10455,37
2030470014,2,3047,14,2127,BATHGATE AVENUE,490 East 181 Street HDFC,48286,2011503,24,COOP,2,Community Management Program (CMP),Mark Matthews,,206,15,86,33,15,10457,395
2030440040,2,3044,40,495,EAST 178 STREET,495 East 178 Street HDFC,65987,2011445,55,COOP,2,Tenant Interim Lease (TIL),Mark Matthews,,206,15,86,33,15,10457,395
2023600070,2,2360,70,530,EAST 159 STREET,530 East 159 Street HDFC,64306,2001154,44,COOP,2,Tenant Interim Lease (TIL),Mark Matthews,,201,17,79,32,15,10451,71
2028500047,2,2850,47,54,EAST 176 STREET,54 East 176 Street HDFC,65840,2008215,53,RENTAL,2,Tenant Interim Lease (TIL),,,205,14,86,33,15,10453,22701
2026830052,2,2683,52,547,SOUTHERN BOULEVARD,547 Southern Boulevard HDFC,110163,2005088,19,COOP,2,Tenant Interim Lease (TIL),Mark Matthews,,202,17,84,32,15,10455,83
2030610070,2,3061,70,2001,LA FONTAINE AVENUE,565 East 178 Street HDFC,90293,2011846,20,COOP,2,Tenant Interim Lease (TIL),Mark Matthews,,206,15,86,33,15,10457,37504
2026830041,2,2683,41,571,SOUTHERN BOULEVARD,571 Southern Boulevard HDFC,110171,2005084,39,COOP,2,Tenant Interim Lease (TIL),Mark Matthews,,202,17,84,32,15,10455,83
2026030020,2,2603,20,582,SOUTHERN BOULEVARD,582 Southern Boulevard HDFC,110175,2004126,35,RENTAL,2,Community Management Program (CMP),,,202,8,84,32,15,10455,83
2026740021,2,2674,21,584,UNION AVENUE,582-8 Union Avenue HDFC,116448,2004900,62,RENTAL,2,Community Management Program (CMP),,,201,8,84,29,15,10455,79
2026030022,2,2603,22,586,SOUTHERN BOULEVARD,586 Southern Boulevard HDFC,110176,2004127,35,RENTAL,2,Community Management Program (CMP),,,202,8,84,32,15,10455,83
2026030024,2,2603,24,590,SOUTHERN BOULEVARD,590 Southern Boulevard HDFC,110177,2004128,29,COOP,2,Community Management Program (CMP),Sara Greene-Deshong,,202,8,84,32,15,10455,83
2029310098,2,2931,98,601,EAST 169 STREET,605 East 169 Street HDFC,65188,2009716,35,COOP,2,Tenant Interim Lease (TIL),Mark Matthews,,203,16,79,33,15,10456,149
2029350001,2,2935,1,625,JEFFERSON PLACE,625 Jefferson Place HDFC,88674,2009764,16,COOP,2,Tenant Interim Lease (TIL),Mark Matthews,,203,16,79,33,15,10456,149
2029330065,2,2933,65,639,EAST 169 STREET,639 East 169 Street HDFC,65199,2009742,16,COOP,2,Tenant Interim Lease (TIL),Mark Matthews,,203,16,79,33,15,10456,149
2027650146,2,2765,146,645,BARRETTO STREET,645 Barretto Street HDFC,48001,2006613,48,COOP,2,Tenant Interim Lease (TIL),Mark Matthews,,202,17,84,32,15,10474,93
2026840054,2,2684,54,664,BECK STREET,664-672 BECK STREET HOUSING DEVELOPMENT FUND CO.,49214,2005093,43,RENTAL,2,Article 8A Loan,,,202,17,84,32,15,10455,83
2026840057,2,2684,57,672,BECK STREET,664-672 BECK STREET HOUSING DEVELOPMENT FUND CO.,49215,2005094,43,RENTAL,2,Article 8A Loan,,,202,17,84,32,15,10455,83
2026860005,2,2686,5,671,KELLY STREET,671  Kelly Street HDFC,89465,2005122,18,COOP,2,Tenant Interim Lease (TIL),Mark Matthews,,202,17,84,32,15,10455,83
2027650266,2,2765,266,675,COSTER STREET,675 COSTER STREET H.D.F.C.,58776,2006651,33,RENTAL,2,Participation Loan Program (PLP),,OTP,202,17,84,34,15,10474,93
2030790067,2,3079,67,676,EAST 179 STREET,676 East 179 Street HDFC,66118,2012308,10,COOP,2,Tenant Interim Lease (TIL),Mark Matthews,,206,17,79,33,15,10457,373
2030830068,2,3083,68,2129,CROTONA AVENUE,681 East 181 Street HDFC,59889,2012405,45,RENTAL,2,Community Management Program (CMP),,,206,15,78,33,15,10457,373
2026750070,2,2675,70,690,UNION AVENUE,690 Union Avenue HDFC,116468,2004970,3,COOP,1,Tenant Interim Lease (TIL),Mark Matthews,,201,17,84,29,15,10455,79
2026870024,2,2687,24,697,DAWSON STREET,697 Dawson Street HDFC,60638,2005153,16,COOP,2,Tenant Interim Lease (TIL),Mark Matthews,,202,17,84,32,15,10455,83
2030950007,2,3095,7,700,OAKLAND PL,700 Oakland Place HDFC,99965,2012658,31,COOP,2,Tenant Interim Lease (TIL),Mark Matthews,,206,15,79,33,15,10457,371
2030950001,2,3095,1,705,EAST 179 STREET,705-7 East 179 Street HDFC,66120,2012654,35,COOP,2,Tenant Interim Lease (TIL),Mark Matthews,,206,17,79,33,15,10457,371
2046630028,2,4663,28,724,EAST 216 STREET,724 East 216 Street HDFC,68353,2057903,19,COOP,2,Tenant Interim Lease (TIL),Mark Matthews,,212,12,83,36,16,10467,390
2026950040,2,2695,40,357E,EAST 201 STREET,755 Dawson Street HDFC,60640,2005336,10,COOP,2,Community Management Program (CMP),,,207,11,78,36,13,10458,415
2030940054,2,3094,54,755,OAKLAND PLACE,755 Oakland Place HDFC,99973,2012653,26,RENTAL Shd be COOP,2,Community Management Program (CMP),,,206,15,79,33,15,10457,371
2029610015,2,2961,15,759,EAST 169 STREET,757 East 169 Street HDFC,65204,2010169,32,COOP,2,Tenant Interim Lease (TIL),Mark Matthews,,203,17,79,32,15,10456,151
2027630195,2,2763,195,760,HUNTS POINT AVENUE,760 Hunts Point Avenue HDFC,87863,2006549,49,COOP,2,Tenant Interim Lease (TIL),Mark Matthews,,202,17,84,32,15,10474,117
2026290011,2,2629,11,762,CAULDWELL AVENUE,762 Cauldwell Avenue HDFC,55833,2004484,20,COOP,2,Tenant Interim Lease (TIL),Mark Matthews,,201,17,79,32,15,10456,75
2031000018,2,3100,18,765,GARDEN STREET,765 Garden Street HDFC,79932,2012788,20,COOP,2,Community Management Program (CMP),Mark Matthews,,206,15,79,33,15,10460,393
2029620046,2,2962,46,775,JENNINGS STREET,775 Jennings Street HDFC,88707,2010203,14,COOP,2,Tenant Interim Lease (TIL),Mark Matthews,,203,16,79,32,15,10459,151
2027080046,2,2708,46,783,BECK STREET,783 Beck Street HDFC,49272,2005569,41,RENTAL,2,Community Management Program (CMP),,,202,8,84,32,15,10455,85
2031100089,2,3110,89,785,EAST 181 STREET,785 East 181 Street HDFC,66346,2012977,26,COOP,2,Community Management Program (CMP),Sara Greene-Deshong,,206,15,79,33,15,10460,371
2027200069,2,2720,69,788,FOX STREET,788 Fox Street HDFC,79168,2005730,52,RENTAL,2,Community Management Program (CMP),,,202,8,85,32,15,10455,85
2031120003,2,3112,3,805,EAST 182 STREET,803/5 East 182 Street HDFC,66463,2013013,44,COOP,2,Tenant Interim Lease (TIL),Sara Greene-Deshong,,206,15,79,33,15,10460,393
2031070006,2,3107,6,810,EAST 178 STREET,810 East 178 Street HDFC,66021,2012943,21,COOP,2,Tenant Interim Lease (TIL),Mark Matthews,,206,17,79,33,15,10460,36501
2027090040,2,2709,40,823,FOX STREET,811-827 FOX ST HSNG ETC.,79177,2005612,7,RENTAL,2,Housing Trust Fund - State,,,202,17,85,32,15,10459,87
2027090041,2,2709,41,819,FOX STREET,811-827 FOX ST HSNG ETC.,79175,2005613,7,RENTAL,2,Housing Trust Fund - State,,,202,17,85,32,15,10459,87
2027090042,2,2709,42,813,FOX STREET,811-827 FOX STREET HDFC,79172,2005614,7,RENTAL,2,Housing Trust Fund - State,,,202,17,85,32,15,10459,87
2027090043,2,2709,43,811,FOX STREET,811-827 FOX STREET HDFC,79171,2005615,8,RENTAL,2,Housing Trust Fund - State,,,202,17,85,32,15,10459,87
2027090039,2,2709,39,827,FOX STREET,811-827 FOX STREET HOUSING DEVELOPMENT FUND,79179,2005611,7,COOP,2,Housing Trust Fund - State,,,202,17,85,32,15,10459,87
2025820061,2,2582,61,823,EAST 147 STREET,823 East 147 Street HDFC,63573,2003973,34,COOP,2,Tenant Interim Lease (TIL),Mark Matthews,,201,8,84,29,15,10455,31
2045730005,2,4573,5,829,ADEE AVENUE,829 Adee Avenue HDFC,44742,2055700,74,COOP,2,Tenant Interim Lease (TIL),Mark Matthews,,212,12,83,36,16,10467,340
2027210020,2,2721,20,829,SOUTHERN BOULEVARD,829 Southern Boulevard HDFC,110217,2005740,49,COOP,2,Community Management Program (CMP),Sami El-Sharkawi,,202,17,85,32,15,10459,89
2027090038,2,2709,38,831,FOX STREET,831 Fox Street HDFC,79181,2005610,8,COOP,2,Community Management Program (CMP),Sami El-Sharkawi,,202,17,85,32,15,10459,87
2027320021,2,2732,21,850,SOUTHERN BOULEVARD,850 Southern Boulevard HDFC,110220,2005844,58,COOP,2,Community Management Program (CMP),Sami El-Sharkawi,,202,17,85,32,15,10459,89
2027220001,2,2722,1,854,INTERVALE AVENUE,854 Intervale Avenue HDFC,88267,2087653,18,COOP,2,Community Management Program (CMP),Sami El-Sharkawi,,202,17,85,32,15,10459,89
2027090024,2,2709,24,885,INTERVALE AVENUE,866 Beck Street HDFC,88271,2005602,25,RENTAL,2,Community Management Program (CMP),,,202,17,85,32,15,10459,87
2027400071,2,2740,71,874,MANIDA STREET,874 Manida Street HDFC,94023,2005981,20,COOP,2,Tenant Interim Lease (TIL),Mark Matthews,,202,17,85,32,15,10474,93
2027610139,2,2761,139,875,LONGFELLOW AVENUE,875 Longfellow Avenue HDFC,92490,2006383,32,COOP,2,Tenant Interim Lease (TIL),Mark Matthews,,202,17,85,34,15,10474,11502
2026910117,2,2691,117,883,EAST 165 STREET,883 East 165 Street HDFC,64841,2005272,37,COOP,2,Tenant Interim Lease (TIL),Mark Matthews,,202,17,79,32,15,10459,131
2026270005,2,2627,5,902,EAGLE AVENUE,902 Eagle Avenue HDFC,62334,2004467,36,COOP,2,Tenant Interim Lease (TIL),Mark Matthews,,203,17,79,32,15,10456,185
2026270007,2,2627,7,906,EAGLE AVENUE,906 Eagle Avenue HDFC,62337,2004468,38,COOP,2,Tenant Interim Lease (TIL),Mark Matthews,,203,17,79,32,15,10456,185
2027230028,2,2723,28,906,SIMPSON STREET,906 Simpson Street HDFC,109769,2005761,31,COOP,2,Tenant Interim Lease (TIL),Mark Matthews,,202,17,85,32,15,10459,89
2027230029,2,2723,29,914,SIMPSON STREET,914 Simpson Street HDFC,109771,2005762,31,COOP,2,Tenant Interim Lease (TIL),Mark Matthews,,202,17,85,32,15,10459,89
2048580051,2,4858,51,916,EAST 223 STREET,916 East 223 Street HDFC,70015,2064278,3,COOP,1,Tenant Interim Lease (TIL),Mark Matthews,,212,12,83,36,16,10466,398
2025240020,2,2524,20,919,OGDEN AVENUE,919 Ogden Avenue HDFC,100201,2003443,4,COOP,2,Tenant Interim Lease (TIL),Mark Matthews,,204,8,84,29,15,10452,189
2027460007,2,2746,7,922,HOE AVENUE,922 Hoe Avenue HDFC,85568,2006073,40,RENTAL,2,Community Management Program (CMP),,,202,17,85,32,15,10459,119
2027120028,2,2712,28,931,FOX STREET,931 Fox Street HDFC,79221,2005635,39,RENTAL,2,Community Management Program (CMP),,,202,17,85,32,15,10459,87
2027460015,2,2746,15,940,HOE AVENUE,932-34-36 Hoe Avenue HDFC,806755,200000,62,RENTAL,2,Community Management Program (CMP),,,202,17,85,32,15,10459,119
2026980063,2,2698,63,941,ROGERS PLACE,941 Rogers Place HDFC,107228,2005367,20,COOP,2,Tenant Interim Lease (TIL),Mark Matthews,,202,17,79,32,15,10459,12901
2024220030,2,2422,30,943,TELLER AVENUE,943-947 Teller Avenue HDFC,112880,2001965,31,COOP,2,Tenant Interim Lease (TIL),Mark Matthews,,204,17,79,32,15,10451,173
2029950023,2,2995,23,962,EAST 172 STREET,962 East 172 Street HDFC,65572,2010758,26,COOP,2,Tenant Interim Lease (TIL),Mark Matthews,,203,17,85,32,15,10460,157
2025040065,2,2504,65,962,ANDERSON AVENUE,962-68 Anderson Avenue HDFC,45447,2003042,9,COOP,2,Tenant Interim Lease (TIL),Mark Matthews,,204,8,77,29,15,10452,189
2025040066,2,2504,66,964,ANDERSON AVENUE,962-68 Anderson Avenue HDFC,45449,2003043,9,COOP,2,Tenant Interim Lease (TIL),Mark Matthews,,204,8,77,29,15,10452,189
2025040067,2,2504,67,966,ANDERSON AVENUE,962-68 Anderson Avenue HDFC,45450,2003044,9,COOP,2,Tenant Interim Lease (TIL),Mark Matthews,,204,8,77,29,15,10452,189
2025040069,2,2504,69,968,ANDERSON AVENUE,962-68 Anderson Avenue HDFC,45451,2003045,9,COOP,2,Tenant Interim Lease (TIL),Mark Matthews,,204,8,77,29,15,10452,189
2027030045,2,2703,45,971,KELLY STREET,971 Kelly Street HDFC,89511,2005461,21,COOP,2,Tenant Interim Lease (TIL),,,202,17,85,32,15,10459,87
2025040071,2,2504,71,972,ANDERSON AVENUE,972 ANDERSON AVE HDFC,45453,2003047,9,RENTAL,2,Small Homes Program,,,204,8,77,29,15,10452,189
2025230173,2,2523,173,975,SUMMIT AVENUE,975 Summit Avenue HDFC,112069,2003435,9,COOP,2,Tenant Interim Lease (TIL),Mark Matthews,,204,8,77,29,15,10452,189
2026690050,2,2669,50,975,UNION AVENUE,975 Union Avenue HDFC,116553,2004849,35,COOP,2,Tenant Interim Lease (TIL),Mark Matthews,,203,17,79,32,15,10459,133
2027240117,2,2724,117,976,SIMPSON STREET,976 Simpson Street HDFC,806948,2092014,15,COOP,2,Tenant Interim Lease (TIL),Mark Matthews,,202,17,85,32,15,10459,159
2027240119,2,2724,119,980,SIMPSON STREET,980 Simpson Street HDFC,806949,2092015,15,COOP,2,Tenant Interim Lease (TIL),Mark Matthews,,202,17,85,32,15,10459,159
2027240121,2,2724,121,,,984 Simpson Street HDFC,0,0,15,COOP,2,Tenant Interim Lease (TIL),Mark Matthews,,,,,,,,
2026840074,2,2684,74,986,LEGGETT AVENUE,986 Leggett Avenue HDFC,91426,2005100,21,COOP,2,Tenant Interim Lease (TIL),Mark Matthews,,202,17,84,32,15,10455,83
2027110013,2,2711,13,936,KELLY STREET,BANANA KELLY HSG DEVEL FUND CORP,89504,2005623,7,COOP,2,,,,202,17,85,32,15,10459,87
2027110014,2,2711,14,940,KELLY STREET,BANANA KELLY HSG DEVEL FUND CORP,89505,2005624,7,COOP,2,,,,202,17,85,32,15,10459,87
2027110016,2,2711,16,944,KELLY STREET,BANANA KELLY HSG DEVEL FUND CORP,89506,2005625,7,COOP,2,,,,202,17,85,32,15,10459,87
2026960001,2,2696,1,911,LONGWOOD AVENUE,Banana Kelly Longwood HDFC,92589,2005343,19,RENTAL,2,Community Management Program (CMP),,,202,17,85,32,15,10459,87
2026990048,2,2699,48,993,INTERVALE AVENUE,Banana Kelly Longwood HDFC,88291,2005385,23,RENTAL,2,Community Management Program (CMP),,,202,17,79,32,15,10459,12901
2026850062,2,2685,62,681,BECK STREET,Banana Kelly Prospect HDFC,49220,2005117,8,RENTAL,2,Community Management Program (CMP),,,202,17,84,32,15,10455,83
2026850063,2,2685,63,677,BECK STREET,Banana Kelly Prospect HDFC,49218,2005118,8,RENTAL,2,Community Management Program (CMP),,,202,17,84,32,15,10455,83
2027400047,2,2740,47,816,MANIDA STREET,Banana Kelly Prospect HDFC,940004,2092018,6,RENTAL,2,Community Management Program (CMP),,,202,17,85,32,15,10474,93
2027070040,2,2707,40,744,BECK STREET,Banana Kelly Union HDFC,49240,2005520,21,RENTAL,2,Community Management Program (CMP),,,202,8,85,32,15,10455,85
2027090010,2,2709,10,838,BECK STREET,Beck Street Court HDFC,49281,2005595,8,COOP,2,Tenant Interim Lease (TIL),Mark Matthews,,202,17,85,32,15,10459,87
2027580029,2,2758,29,1084,HOME STREET,BK Home Street HDFC,86433,2006310,64,RENTAL,2,Community Management Program (CMP),,,203,17,85,32,15,10459,12101
2036590001,2,3659,1,920,METCALF AVENUE,Cloverleaf Tower HDFC,95863,2022624,239,COOP,2,Asset Management Program (AMP),Mark Matthews,,209,18,85,34,15,10473,46
2033150001,2,3315,1,2751,GRAND CONCOURSE,CONCOURSE HOUSE HOUSING DEV FUND CO INC,81869,2017431,0,RENTAL,4,Capital Budget Homeless Housing Transitional,,SRO,207,14,78,33,13,10468,40303
2025540044,2,2554,44,353,CYPRESS AVENUE,Cypress Cluster Apartments HDFC,60307,2003661,48,RENTAL,2,Special Initiatives Program (SIP),,,201,8,84,29,15,10454,33
2025530023,2,2553,23,600,EAST 141 STREET,DIEGO BEEKMAN HOUSING ASSOC HDFC,63178,2091278,40,RENTAL,2,Article 8A Loan,,,201,8,84,29,15,10454,2702
2025510065,2,2551,65,597,EAST 138 STREET,DIEGO BEEKMAN MHA HDFC,62843,2003635,35,RENTAL,2,Article 8A Loan,,,201,8,84,29,15,10454,2702
2025530019,2,2553,19,592,EAST 141 STREET,DIEGO BEEKMAN MUTUAL HO USING ASSOC HDFC,63176,2091276,30,RENTAL,2,Article 8A Loan,,,201,8,84,29,15,10454,2702
2025520055,2,2552,55,611,EAST 139 STREET,DIEGO BEEKMAN MUTUAL HOUSING ASSC HDFC,62986,2003644,44,RENTAL,2,Article 8A Loan,,,201,8,84,29,15,10454,2702
2025710014,2,2571,14,370,CYPRESS AVENUE,DIEGO BEEKMAN MUTUAL HOUSING ASSCO HDFC,806418,2091297,21,RENTAL,2,Article 8A Loan,,,201,8,84,29,15,10454,33
2022670040,2,2267,40,305,ST ANNS AVENUE,DIEGO BEEKMAN MUTUAL HOUSING ASSOC HDFC,110462,2000079,19,RENTAL,2,Article 8A Loan,,,201,8,84,29,15,10454,39
2025530009,2,2553,9,574,EAST 141 STREET,DIEGO BEEKMAN MUTUAL HOUSING ASSOC HDFC,63173,2091273,29,RENTAL,2,Article 8A Loan,,,201,8,84,29,15,10454,2702
2025530031,2,2553,31,620,EAST 141 STREET,DIEGO BEEKMAN MUTUAL HOUSING ASSOC HDFC,63184,2003652,42,RENTAL,2,Article 8A Loan,,,201,8,84,29,15,10454,2702
2025530036,2,2553,36,626,EAST 141 STREET,DIEGO BEEKMAN MUTUAL HOUSING ASSOC HDFC,63187,2003653,53,RENTAL,2,Article 8A Loan,,,201,8,84,29,15,10454,2702
2025540005,2,2554,5,619,EAST 141 STREET,DIEGO BEEKMAN MUTUAL HOUSING ASSOC HDFC,63183,2003657,20,RENTAL,2,Article 8A Loan,,,201,8,84,29,15,10454,33
2025540010,2,2554,10,328,BEEKMAN AVENUE,DIEGO BEEKMAN MUTUAL HOUSING ASSOC HDFC,49347,2003659,74,RENTAL,2,Article 8A Loan,,,201,8,84,29,15,10454,33
2025540018,2,2554,18,350,BEEKMAN AVENUE,DIEGO BEEKMAN MUTUAL HOUSING ASSOC HDFC,806284,2003660,21,RENTAL,2,Article 8A Loan,,,201,8,84,29,15,10454,33
2025540049,2,2554,49,345,CYPRESS AVENUE,DIEGO BEEKMAN MUTUAL HOUSING ASSOC HDFC,60306,2003662,39,RENTAL,2,Article 8A Loan,,,201,8,84,29,15,10454,33
2025550003,2,2555,3,593,EAST 141 STREET,DIEGO BEEKMAN MUTUAL HOUSING ASSOC HDFC,63177,2003664,43,RENTAL,2,Article 8A Loan,,,201,8,84,29,15,10454,33
2025550013,2,2555,13,592,OAK TERRACE,DIEGO BEEKMAN MUTUAL HOUSING ASSOC HDFC,99947,2003665,32,RENTAL,2,Article 8A Loan,,,201,8,84,29,15,10454,33
2025550023,2,2555,23,327,BEEKMAN AVENUE,DIEGO BEEKMAN MUTUAL HOUSING ASSOC HDFC,49346,2003670,16,RENTAL,2,Article 8A Loan,,,201,8,84,29,15,10454,33
2025550028,2,2555,28,601,OAK TERRACE,DIEGO BEEKMAN MUTUAL HOUSING ASSOC HDFC,99951,2003671,24,RENTAL,2,Article 8A Loan,,,201,8,84,29,15,10454,33
2025550030,2,2555,30,593,OAK TERRACE,DIEGO BEEKMAN MUTUAL HOUSING ASSOC HDFC,99948,2003672,38,RENTAL,2,Article 8A Loan,,,201,8,84,29,15,10454,33
2025560023,2,2556,23,372,ST ANNS AVENUE,DIEGO BEEKMAN MUTUAL HOUSING ASSOC HDFC,110470,2003689,20,RENTAL,2,Article 8A Loan,,,201,8,84,29,15,10454,33
2025560027,2,2556,27,576,ST MARYS STREET,DIEGO BEEKMAN MUTUAL HOUSING ASSOC HDFC,110908,2003690,15,RENTAL,2,Article 8A Loan,,,201,8,84,29,15,10454,33
2025660010,2,2566,10,690,EAST 138 STREET,DIEGO BEEKMAN MUTUAL HOUSING ASSOC HDFC,62860,2091290,34,RENTAL,2,Article 8A Loan,,,201,8,84,29,15,10454,2702
2025680045,2,2568,45,302,CYPRESS AVENUE,DIEGO BEEKMAN MUTUAL HOUSING ASSOC HDFC,60304,2003815,50,RENTAL,2,Article 8A Loan,,,201,8,84,29,15,10454,2702
2025680051,2,2568,51,666,EAST 141 STREET,DIEGO BEEKMAN MUTUAL HOUSING ASSOC HDFC,63190,2003816,31,RENTAL,2,Article 8A Loan,,,201,8,84,29,15,10454,2702
2025680054,2,2568,54,682,EAST 141 STREET,DIEGO BEEKMAN MUTUAL HOUSING ASSOC HDFC,63192,2003817,43,RENTAL,2,Article 8A Loan,,,201,8,84,29,15,10454,2702
2025680076,2,2568,76,683,EAST 140 STREET,DIEGO BEEKMAN MUTUAL HOUSING ASSOC HDFC,63084,2003821,72,RENTAL,2,Article 8A Loan,,,201,8,84,29,15,10454,2702
2025720001,2,2572,1,324,POWERS AVENUE,DIEGO BEEKMAN MUTUAL HOUSING ASSOC HDFC,104140,200000,41,RENTAL,2,Article 8A Loan,,,201,8,84,29,15,10454,33
2025510062,2,2551,62,613,EAST 138 STREET,DIEGO BEEKMAN MUTUAL HOUSING ASSOCIATION HDFC,62846,2003633,29,COOP,2,Article 8A Loan,,,201,8,84,29,15,10454,2702
2025520040,2,2552,40,636,EAST 140 STREET,DIEGO BEEKMAN MUTUAL HOUSING ASSOCIATION HDFC,63080,2003643,49,COOP,2,Article 8A Loan,,,201,8,84,29,15,10454,2702
2025560017,2,2556,17,364,ST ANNS AVENUE,DIEGO BEEKMAN MUTUAL HOUSING ASSOCIATION HDFC,110468,2003687,20,COOP,2,Article 8A Loan,,,201,8,84,29,15,10454,33
2025680057,2,2568,57,688,EAST 141 STREET,DIEGO BEEKMAN MUTUAL HOUSING ASSOCIATION HDFC,63193,2003818,30,COOP,2,Article 8A Loan,,,201,8,84,29,15,10454,2702
2025540003,2,2554,3,625,EAST 141 STREET,DIEGO BEEKMAN MUTUAL HOUSING HDFC,63186,2003656,20,RENTAL,2,Article 8A Loan,,,201,8,84,29,15,10454,33
2024040018,2,2404,18,779,MELROSE AVENUE,EL JARDIN DE SELINE HDFC INC,915629,2103742,84,CONDO,2,,,Newly known as Lot 130 ,201,17,79,32,15,10451,69
2027480005,2,2748,5,1010,FAILE STREET,FAILE ST HDFC,77297,2006083,3,CONDO,,Small Buildings Loan Program,,,202,17,85,32,15,10459,119
2027480007,2,2748,7,1014,FAILE STREET,FAILE ST HDFC,77301,2006085,3,CONDO,,Small Buildings Loan Program,,,202,17,85,32,15,10459,119
2027480008,2,2748,8,1016,FAILE STREET,FAILE ST HDFC,77303,2006086,3,CONDO,,Small Buildings Loan Program,,,202,17,85,32,15,10459,119
2027480009,2,2748,9,1018,FAILE STREET,FAILE ST HDFC,77305,2006087,3,CONDO,,Small Buildings Loan Program,,,202,17,85,32,15,10459,119
2027480010,2,2748,10,1020,FAILE STREET,FAILE ST HDFC,77307,2006088,3,CONDO,,Small Buildings Loan Program,,,202,17,85,32,15,10459,119
2027480015,2,2748,15,1030,FAILE STREET,FAILE ST HDFC,77317,2006093,3,CONDO,,Small Buildings Loan Program,,,202,17,85,32,15,10459,119
2027480016,2,2748,16,1032,FAILE STREET,FAILE ST HDFC,77319,2006094,3,CONDO,,Small Buildings Loan Program,,,202,17,85,32,15,10459,119
2027490050,2,2749,50,1023,FAILE STREET,FAILE ST HDFC,77310,2006129,3,CONDO,,Small Buildings Loan Program,,,202,17,85,32,15,10459,119
2027497501,2,2749,7501,1045,FAILE STREET,FAILE ST HDFC,77326,2006118,6,CONDO,2,Small Buildings Loan Program,,,202,17,85,32,15,10459,119
2027480011,2,2748,11,1022,FAILE STREET,FAILE ST. HDFC,77309,2006089,3,CONDO,,Small Buildings Loan Program,,,202,17,85,32,15,10459,119
2027480023,2,2748,23,1046,FAILE STREET,FAILE STREET HDFC,77333,2006101,3,CONDO,,Small Buildings Loan Program,,,202,17,85,32,15,10459,119
2027487501,2,2748,7501,1042,FAILE STREET,FAILE STREET HOUSINGDEVELOPMENT FUND CORP.,77307,2006099,3,CONDO,2,Small Buildings Loan Program,,ACRIS Records/CO under Lot 5,202,17,85,32,15,10459,119
2029330013,2,2933,13,1338,FRANKLIN AVENUE,FRANKLIN KITE HOUSING DEVELOPMENT FUND CORPORATION,79291,2009727,22,COOP,2,,,NYCHA Reg Agreement,203,16,79,33,15,10456,149
2029330016,2,2933,16,1342,FRANKLIN AVENUE,FRANKLIN KITE HOUSING DEVELOPMENT FUND CORPORATION,79293,2009728,20,COOP,2,,,NYCHA Reg Agreement,203,16,79,33,15,10456,149
2029350008,2,2935,8,620,EAST 170 STREET,FRANKLIN KITE HOUSING DEVELOPMENT FUND CORPORATION,79318,2009768,15,COOP,2,,,NYCHA Reg Agreement,203,16,79,33,15,10456,149
2029350010,2,2935,10,630,EAST 170 STREET,FRANKLIN KITE HOUSING DEVELOPMENT FUND CORPORATION,65352,2009769,15,COOP,2,,,NYCHA Reg Agreement,203,16,79,33,15,10456,149
2029350012,2,2935,12,636,EAST 170 STREET,FRANKLIN KITE HOUSING DEVELOPMENT FUND CORPORATION,65353,2009770,15,COOP,2,,,NYCHA Reg Agreement,203,16,79,33,15,10456,149
2029330010,2,2933,10,1330,FRANKLIN AVENUE,FRANKLIN KITE HOUSING DEVELOPMENT FUND CORPORATION,79289,2809114,0,LAND,4,,,Outdoor recreational space owned by cooperative; NYCHA Reg Agreement,203,16,79,33,15,10456,149
2029330019,2,2933,19,1348,FRANKLIN AVENUE,FRANKLIN KITE HOUSING DEVELOPMENT FUND CORPORATION,79295,2809116,0,LAND,4,,,Outdoor recreational space owned by cooperative; NYCHA Reg Agreement,203,16,79,33,15,10456,149
2029330020,2,2933,20,1350,FRANKLIN AVENUE,FRANKLIN KITE HOUSING DEVELOPMENT FUND CORPORATION,79296,2809117,0,LAND,4,,,Outdoor recreational space owned by cooperative; NYCHA Reg Agreement,203,16,79,33,15,10456,149
2026367501,2,2636,7501,,,HABITAT FOR HUMANITY HOUSING DEVELOP. FUND CO .INC,64074,2004535,8,CONDO,2,,,ACRIS Records/CO under Lot 40,,,,,,,
2027980013,2,2798,13,1750,MONROE AVENUE,HP DAVIDSON CLUSTER HDFC,96793,2007462,6,RENTAL,2,Third Party Transfer (TPT),,Former TIL. ,205,15,86,33,15,10457,22901
2028610114,2,2861,114,1770,DAVIDSON AVENUE,HP DAVIDSON CLUSTER HDFC,60438,2008369,65,RENTAL,2,Third Party Transfer (TPT),Mark Matthews,Former TIL,205,14,77,29,15,10453,217
2028610119,2,2861,119,1780,DAVIDSON AVENUE,HP DAVIDSON CLUSTER HDFC,60440,2008370,43,RENTAL,2,Third Party Transfer (TPT),Mark Matthews,Former TIL,205,14,77,29,15,10453,217
2029761101,2,2976,1101,870,JENNINGS STREET,HPDC2 HOUSING DEVELOPMENT FUND COMPANY INC,932298,2811045,0,COMMERCIAL,4,Housing Development Corp (HDC),,HDC financed; P.O. Condo Lot 7502; Formerly Lot 160,203,17,79,32,15,10459,123
2029761102,2,2976,1102,870,JENNINGS STREET,HPDC2 HOUSING DEVELOPMENT FUND COMPANY INC,932298,2811045,0,COMMERCIAL,4,Housing Development Corp (HDC),,HDC financed; P.O. Condo Lot 7502; Formerly Lot 160,203,17,79,32,15,10459,123
2037940013,2,3794,13,1964,NEWBOLD AVENUE,HUGH GRANT GARDENS HDFC,99516,2025916,137,COOP,2,,,,209,18,87,32,15,10472,72
2029620052,2,2962,52,763,JENNINGS STREET,JENNINGS TERRACE GARDENS HDFC,88704,2010204,16,COOP,2,Special Initiatives Program (SIP)/NYCHA,,,203,16,79,32,15,10459,151
2029620054,2,2962,54,759,JENNINGS STREET,JENNINGS TERRACE GARDENS HDFC,88703,2010205,16,COOP,2,Special Initiatives Program (SIP)/NYCHA,,,203,16,79,32,15,10459,151
2029620060,2,2962,60,749,JENNINGS STREET,JENNINGS TERRACE GARDENS HDFC,88700,2010206,10,COOP,2,Special Initiatives Program (SIP)/NYCHA,,,203,16,79,32,15,10459,151
2029620058,2,2962,58,753,JENNINGS STREET,JENNINGS TERRACE GARDENS HDFC,88701,2000000,0,LAND,4,Special Initiatives Program (SIP)/NYCHA,,,203,16,79,32,15,10459,151
2025040036,2,2504,36,941,JEROME AVENUE,Jerome Avenue Tenants HDFC,89051,2003035,86,COOP,2,Community Management Program (CMP),Sara Greene-Deshong,,204,8,77,29,15,10452,189
2032250022,2,3225,22,2295,ANDREWS AVENUE NORTH,METRO PARK HOUSING DEVELOPMENT FUND CORPORATION,45486,2014919,38,RENTAL,2,Third Party Transfer (TPT),,Former TIL. ,207,14,86,33,13,10468,255
2028790028,2,2879,28,1890,ANDREWS AVENUE SOUTH,Morris Heights Restoration HDFC,45564,2009053,58,RENTAL,2,Community Management Program (CMP),,,205,14,86,29,15,10453,24501
2026000170,2,2600,170,515,TIMPSON PLACE,MOTT HAVEN VICTORY HOUSING DEVELOPMENT FUND CORP,115125,2000000,0,COMMERCIAL,4,,,Commercial,201,8,84,29,15,10455,31
2026000131,2,2600,131,490,SOUTHERN BOULEVARD,MOTT HAVEN VICTORY HOUSING DEVELOPMENT FUND CORP,110157,2004084,137,COOP,2,Special Initiatives Program (SIP)/NYCHA,,,201,8,84,29,15,10455,31
2024080033,2,2408,33,369,EAST 162 STREET,MRC Melrose HDFC,64510,2001803,16,RENTAL,,LIHTC Year 15 Preservation Program,Debra Busacco,,203,17,79,32,15,10451,143
2023730043,2,2373,43,3531,3 AVENUE,NEIGHBORHOOD RESTORE HDFC,113781,2091169,12,COOP,2,Third Party Transfer (TPT),Mark Matthews,Former TIL. Former owner: 3531 3rd Avenue HDFC,203,16,79,32,15,10456,145
2025210001,2,2521,1,127,WEST 170 STREET,NEIGHBORHOOD RESTORE HDFC,120994,2003337,40,COOP,2,Third Party Transfer (TPT),Mark Matthews,Former TIL. Former owner: 127-31 West 170 Street HDFC,204,16,77,29,15,10452,211
2025340038,2,2534,38,185,WEST 170 STREET,NEIGHBORHOOD RESTORE HDFC,120999,2003557,21,COOP,2,Third Party Transfer (TPT),Mark Matthews,Former TIL. Former owner: 185 West 170 Street HDFC,204,16,77,29,15,10452,201
2029480025,2,2948,25,705,CROTONA PARK NORTH,NEIGHBORHOOD RESTORE HDFC,60014,2009925,20,COOP,2,Third Party Transfer (TPT),Mark Matthews,Former TIL. Former owner: Crotona Cornerstone HDFC,206,17,79,33,15,10457,36902
2029480028,2,2948,28,701,CROTONA PARK NORTH,NEIGHBORHOOD RESTORE HDFC,60013,200000,25,COOP,2,Third Party Transfer (TPT),Mark Matthews,Former TIL. Former owner: Crotona Cornerstone HDFC,206,17,79,33,15,10457,36902
2030690024,2,3069,24,2091,ARTHUR AVENUE,NEIGHBORHOOD RESTORE HDFC,46169,2011996,72,COOP,2,Third Party Transfer (TPT),Mark Matthews,Former TIL. Former Owner: 2089-91  Arthur Avenue HDFC,206,15,86,33,15,10457,37504
2031450026,2,3145,26,2279,TIEBOUT AVENUE,NEIGHBORHOOD RESTORE HDFC,114432,2013410,16,COOP,2,Community Management Program (CMP),,Former TIL. Former Owner: 2279 Tiebout Avenue HDFC,205,15,86,33,15,10457,38301
2031650022,2,3165,22,2414,CRESTON AVENUE,NEIGHBORHOOD RESTORE HDFC,59221,2013793,30,COOP,2,Third Party Transfer (TPT),Mark Matthews,Former TIL. Former owner: 2414 Creston Avenue HDFC,205,14,86,33,15,10468,23703
2028500040,2,2850,40,1770,TOWNSEND AVENUE,NEIGHBORHOOD RESTORE HDFC,115690,200000,57,RENTAL,2,Third Party Transfer (TPT),Mark Matthews,Former TIL,205,14,86,33,15,10453,22701
2028660072,2,2866,72,66,WEST 176 STREET,NEIGHBORHOOD RESTORE HDFC,121088,2008461,20,RENTAL,2,Third Party Transfer (TPT),Mark Matthews,Former TIL,205,14,77,29,15,10453,21502
2028660074,2,2866,74,62,WEST 176 STREET,NEIGHBORHOOD RESTORE HDFC,121087,200000,12,RENTAL,2,Third Party Transfer (TPT),Mark Matthews,Former TIL,205,14,77,29,15,10453,21502
2028780061,2,2878,61,1641,ANDREWS AVENUE SOUTH,NEIGHBORHOOD RESTORE HDFC,45506,2009001,64,RENTAL,2,Third Party Transfer (TPT),Mark Matthews,Former TIL,205,14,77,29,15,10453,21501
2027460021,2,2746,21,946,HOE AVENUE,New Hoe Avenue HDFC,85571,2006074,21,COOP,2,Tenant Interim Lease (TIL),Mark Matthews,,202,17,85,32,15,10459,119
2027460023,2,2746,23,950,HOE AVENUE,New Hoe Avenue HDFC,85572,2006075,21,COOP,2,Tenant Interim Lease (TIL),Mark Matthews,,202,17,85,32,15,10459,119
2029920073,2,2992,73,1889,VYSE AVENUE,NYC PARTNERSHIP HOUSING DEVELOPMENT FUND CO INC,118512,2099924,16,COOP,2,Partnership New Homes,,,206,15,87,32,15,10460,359
2030020007,2,3002,7,1672,BRYANT AVENUE,"NYC PARTNERSHIP HOUSING DEVELOPMENT FUND CO., INC.",884002,2000000,0,1- to 4-Family Home [Under development],1,Partnership New Homes,,,203,17,79,32,15,10460,161
2025140005,2,2514,5,1070,OGDEN AVENUE,Ogden Avenue Tenants HDFC,100135,2003253,30,RENTAL,2,Community Management Program (CMP),,,204,8,84,29,15,10452,193
2045940044,2,4594,44,3215,OLINVILLE AVENUE,Olinville Manor HDFC,100350,2056198,46,COOP,2,Tenant Interim Lease (TIL),Mark Matthews,,212,15,80,36,16,10467,376
2030710065,2,3071,65,2245,HUGHES AVENUE,P R  ASSOCIATION HOUSING DEVELOPMENT FUND CORPORATION,87281,2012103,8,RENTAL,2,7A Financial Assistance,,OTP,206,15,78,33,15,10457,391
2027090033,2,2709,33,851,FOX STREET,Phoenix Homesteaders HDFC,79189,2005605,4,COOP,2,Urban Homesteading Program (UHP),Mark Matthews,,202,17,85,32,15,10459,87
2029490075,2,2949,75,1815,PROSPECT AVENUE,PLAZA OFF THE PARK HDFC,104360,2009958,45,COOP,2,Special Initiatives Program (SIP)/NYCHA,,,206,17,79,33,15,10457,36902
2022900001,2,2290,1,442,WILLIS AVENUE,Pueblo en Marcha HDFC,125058,2000498,12,COOP,2,Urban Homesteading Program (UHP),Mark Matthews,,201,8,84,29,15,10455,43
2026090035,2,2609,35,1203,FULTON AVENUE,South Bronx CATCH Mutual Housing Association HDFC,79717,2004213,29,RENTAL,2,Third Party Transfer (TPT),,,203,16,79,32,15,10456,145
2026120001,2,2612,1,575,EAST 168 STREET,South Bronx CATCH Mutual Housing Association HDFC,65056,2004240,9,RENTAL,2,Third Party Transfer (TPT),,,203,16,79,32,15,10456,149
2026920074,2,2692,74,865,EAST 167 STREET,South Bronx CATCH Mutual Housing Association HDFC,64989,2005291,53,RENTAL,2,Third Party Transfer (TPT),,,202,17,79,32,15,10459,131
2033110145,2,3311,145,251,EAST 204 STREET,Tenants/East 204 Street HDFC,67336,2017362,11,COOP,2,Tenant Interim Lease (TIL),Mark Matthews,,207,11,78,36,13,10458,413
2027110021,2,2711,21,929,TIFFANY STREET,TIFFANY APARTMENTS HOUSING DEVELOPMENT FUND CORP.,115026,2097216,18,RENTAL,2,Article 8A Loan,,,202,17,85,32,15,10459,87
2027910054,2,2791,54,1685,TOPPING AVENUE,TOPPING AVENUE CATCH HOUSING DEVELOPMENT FUND CO,115531,2007354,43,RENTAL,2,Third Party Transfer (TPT),,Former TIL. ,204,15,86,33,15,10457,22902
2031270026,2,3127,26,2018,DALY AVENUE,TREMONT-VYSE III HOUSING DEVELOPMENT FUND CORP,66040,2099519,2,COOP,2,Partnership New Homes,,,206,15,87,32,15,10460,363
2031170023,2,3117,23,2016,MARMION AVENUE,Trinity 3 in 1 HDFC,94511,2013093,102,COOP,2,Tenant Interim Lease (TIL),Mark Matthews,,206,17,79,32,15,10460,36501
2025160026,2,2516,26,136,WEST 168 STREET,UHAB HDFC,120973,2003299,36,COOP,2,Community Management Program (CMP),Mark Matthews,,204,16,77,29,15,10452,199
2028690087,2,2869,87,1898,HARRISON AVENUE,UHAB HOUSING DEVELOPMENT FUND CORPORATION SOLD,83696,2008604,54,RENTAL,2,7A Financial Assistance,,,205,14,86,29,15,10453,243
2024610067,2,2461,67,999,SHERIDAN AVENUE,"UHAB, HDFC",109478,2002816,7,RENTAL,2,7A Financial Assistance,,,204,8,77,32,15,10456,18301
2023820005,2,2382,5,400,EAST 161 STREET,Urban Reservation HDFC,64394,2001491,19,COOP,2,Tenant Interim Lease (TIL),Mark Matthews,,203,17,79,32,15,10451,141
2032120092,2,3212,92,2377,GRAND AVENUE,VIP West 184 Street HDFC,81558,2014618,27,RENTAL,2,Third Party Transfer (TPT),,Former TIL. ,207,14,86,33,15,10468,253
