<PAMDataset>
  <Metadata />
  <Metadata domain="xml:XMP" format="xml">
    <?xpacket begin="﻿" id="W5M0MpCehiHzreSzNTczkc9d"?>
    <x:xmpmeta xmlns:x="adobe:ns:meta/" x:xmptk="Adobe XMP Core 5.5-c021 79.155772, 2014/01/13-19:44:00        ">
      <rdf:RDF xmlns:rdf="http://www.w3.org/1999/02/22-rdf-syntax-ns#">
        <rdf:Description rdf:about="" xmlns:xmp="http://ns.adobe.com/xap/1.0/" xmlns:dc="http://purl.org/dc/elements/1.1/" xmlns:photoshop="http://ns.adobe.com/photoshop/1.0/" xmlns:xmpRights="http://ns.adobe.com/xap/1.0/rights/" xmlns:xmpMM="http://ns.adobe.com/xap/1.0/mm/" xmlns:stEvt="http://ns.adobe.com/xap/1.0/sType/ResourceEvent#">
          <xmp:CreatorTool>Adobe Photoshop CC 2014 (Macintosh)</xmp:CreatorTool>
          <xmp:ModifyDate>2015-01-13T09:19:11-05:00</xmp:ModifyDate>
          <xmp:CreateDate>2010-12-17T01:34:54-05:00</xmp:CreateDate>
          <xmp:MetadataDate>2015-01-13T09:19:11-05:00</xmp:MetadataDate>
          <dc:format>image/tiff</dc:format>
          <photoshop:ColorMode>1</photoshop:ColorMode>
          <photoshop:DocumentAncestors>
            <rdf:Bag>
              <rdf:li>adobe:docid:photoshop:320de6ef-c399-1177-9472-dbf7350d4f55</rdf:li>
              <rdf:li>adobe:docid:photoshop:384fde35-d3cf-1177-986c-e7272f06ed5f</rdf:li>
              <rdf:li>adobe:docid:photoshop:a767c6df-d3ea-1177-a28b-c484e1da19df</rdf:li>
              <rdf:li>adobe:docid:photoshop:d571143e-cb1d-1177-aca9-aacd32ccc85b</rdf:li>
              <rdf:li>adobe:docid:photoshop:d72237e7-ce70-1177-b27c-ef15997c1998</rdf:li>
              <rdf:li>adobe:docid:photoshop:eb19759f-cde3-1177-92ca-baba0e589787</rdf:li>
              <rdf:li>uuid:D41B0AE39601DE118212F0B00F65ED0F</rdf:li>
              <rdf:li>xmp.did:01801174072068118C14990B3517D61A</rdf:li>
              <rdf:li>xmp.did:44a8714b-ad4f-48f4-bece-49570d8673ec</rdf:li>
              <rdf:li>xmp.did:6425ABFE10206811A613E1C620DEFAD3</rdf:li>
              <rdf:li>xmp.did:F77F117407206811822AB659D99D640B</rdf:li>
            </rdf:Bag>
          </photoshop:DocumentAncestors>
          <xmpRights:Marked>False</xmpRights:Marked>
          <xmpMM:InstanceID>xmp.iid:9cc2dec9-68f7-4bc9-b27c-80946ccf169f</xmpMM:InstanceID>
          <xmpMM:DocumentID>xmp.did:6425ABFE10206811A613E1C620DEFAD3</xmpMM:DocumentID>
          <xmpMM:OriginalDocumentID>xmp.did:6425ABFE10206811A613E1C620DEFAD3</xmpMM:OriginalDocumentID>
          <xmpMM:History>
            <rdf:Seq>
              <rdf:li rdf:parseType="Resource">
                <stEvt:action>created</stEvt:action>
                <stEvt:instanceID>xmp.iid:6425ABFE10206811A613E1C620DEFAD3</stEvt:instanceID>
                <stEvt:when>2010-12-17T01:34:54-05:00</stEvt:when>
                <stEvt:softwareAgent>Adobe Photoshop CS5 Macintosh</stEvt:softwareAgent>
              </rdf:li>
              <rdf:li rdf:parseType="Resource">
                <stEvt:action>saved</stEvt:action>
                <stEvt:instanceID>xmp.iid:D6133E4B12206811A613E1C620DEFAD3</stEvt:instanceID>
                <stEvt:when>2012-07-16T10:02:55-04:00</stEvt:when>
                <stEvt:softwareAgent>Adobe Photoshop CS5 Macintosh</stEvt:softwareAgent>
                <stEvt:changed>/</stEvt:changed>
              </rdf:li>
              <rdf:li rdf:parseType="Resource">
                <stEvt:action>saved</stEvt:action>
                <stEvt:instanceID>xmp.iid:9cc2dec9-68f7-4bc9-b27c-80946ccf169f</stEvt:instanceID>
                <stEvt:when>2015-01-13T09:19:11-05:00</stEvt:when>
                <stEvt:softwareAgent>Adobe Photoshop CC 2014 (Macintosh)</stEvt:softwareAgent>
                <stEvt:changed>/</stEvt:changed>
              </rdf:li>
            </rdf:Seq>
          </xmpMM:History>
        </rdf:Description>
      </rdf:RDF>
    </x:xmpmeta>
    <?xpacket end="w"?>
  </Metadata>
  <PAMRasterBand band="1">
    <Histograms>
      <HistItem>
        <HistMin>127.504347826087</HistMin>
        <HistMax>242.495652173913</HistMax>
        <BucketCount>115</BucketCount>
        <IncludeOutOfRange>0</IncludeOutOfRange>
        <Approximate>1</Approximate>
        <HistCounts>16|12|15|12|21|26|44|10|11|17|53|66|30|35|56|111|58|73|152|91|93|206|216|257|143|63|97|144|368|488|259|443|229|328|258|268|270|279|307|414|476|429|614|1027|1106|488|294|411|1381|919|430|350|677|2184|1143|907|826|897|997|1576|1117|1789|2571|2661|0|2346|1855|3974|4794|2371|1263|6245|10287|10247|8724|15593|59839|327641|193197|17310|25217|8037|5563|7166|8504|7570|3911|5110|4914|4622|3422|1674|1322|1778|2314|2270|1884|770|1106|1544|534|755|632|461|151|165|218|178|139|113|63|30|28|14|26</HistCounts>
      </HistItem>
      <HistItem>
        <HistMin>127.5042735042735</HistMin>
        <HistMax>244.4957264957265</HistMax>
        <BucketCount>117</BucketCount>
        <IncludeOutOfRange>0</IncludeOutOfRange>
        <Approximate>0</Approximate>
        <HistCounts>824|2069|592|712|883|1740|3072|538|895|1274|3468|4718|2393|2702|2987|7881|4244|4394|8796|4663|5454|13761|16438|19434|11828|6314|8987|11706|28074|36322|20304|38471|19673|29480|23785|22036|23629|24397|25456|30616|37625|32433|50523|80215|88878|38144|24165|29545|106864|77055|31674|27044|55008|168467|87887|65256|58959|61976|70474|106935|78027|126269|179994|190596|0|167911|126574|300266|371264|200108|105961|543181|836253|818361|681009|1196300|4263217|23715722|14038930|1306040|1818363|556997|383961|529372|623553|503045|249549|367894|382985|348180|236045|117054|98905|134327|161553|151201|134519|55038|79129|105442|36993|58115|51286|35073|11456|13612|15641|12049|8781|8071|5314|2795|1593|634|1148|153|54</HistCounts>
      </HistItem>
    </Histograms>
    <Metadata>
      <MDI key="STATISTICS_MAXIMUM">244</MDI>
      <MDI key="STATISTICS_MEAN">204.70983539095</MDI>
      <MDI key="STATISTICS_MINIMUM">128</MDI>
      <MDI key="STATISTICS_STDDEV">7.4486195202565</MDI>
    </Metadata>
  </PAMRasterBand>
</PAMDataset>
