<?xml version="1.0" encoding="ISO-8859-1"?>
<!DOCTYPE metadata SYSTEM "http://www.fgdc.gov/metadata/fgdc-std-001-1998.dtd">
<metadata>
	<idinfo>
		<citation>
			<citeinfo>
				<origin>Pennsylvania. Dept. of Conservation and Natural Resources.  Bureau of State Parks.</origin>
				<pubdate>201308</pubdate>
				<title>DCNR State Parks 201308</title>
				<geoform Sync="TRUE">vector digital data</geoform>
				<pubinfo>
					<pubplace>Harrisburg, PA</pubplace>
					<publish>Pa., Dept of Conservation and Natural Resources</publish>
				</pubinfo>
				<onlink> http://www.pasda.psu.edu/ </onlink>
				<ftname Sync="TRUE">DCNR_StateParks201308</ftname></citeinfo>
		</citation>
		<descript>
			<abstract>The State Park Boundary data layer is to be used to depict the approximate boundary of State Park Land. This file is not to be used as a survey to determine property lines. Data exported on 9/26/11.

</abstract>
			<purpose>To outline the general boundary of State Parks.</purpose>
			<langdata Sync="TRUE">en</langdata></descript>
		<timeperd>
			<timeinfo>
				<sngdate>
					<caldate>201308</caldate>
				</sngdate>
			</timeinfo>
			<current>publication date</current>
		</timeperd>
		<status>
			<progress>In work</progress>
			<update>Continually</update>
		</status>
		<spdom>
			<bounding>
				<westbc Sync="TRUE">-80.561371</westbc>
				<eastbc Sync="TRUE">-74.684610</eastbc>
				<northbc Sync="TRUE">42.196208</northbc>
				<southbc Sync="TRUE">39.700861</southbc>
			</bounding>
			<lboundng><leftbc Sync="TRUE">1206084.307115</leftbc><rightbc Sync="TRUE">2799856.207864</rightbc><bottombc Sync="TRUE">147796.702077</bottombc><topbc Sync="TRUE">1043126.178984</topbc></lboundng></spdom>
		<keywords>
			<theme>
				<themekey>State Parks</themekey>
				<themekey>recreation areas</themekey>
				<themekey>society</themekey></theme>
			<theme>
				<themekt>ISO 19115 Topic Categories</themekt>
				<themekey>Society</themekey>
			</theme>
			<place>
				<placekt>GNIS</placekt>
				<placekey>Pennsylvania</placekey>
			</place>
		</keywords>
		<accconst>none</accconst>
		<useconst>Only for the purpose to identify the general location of State Parks</useconst>
		<datacred>DCNR - Bureau of State Parks</datacred>
		<native Sync="TRUE">Microsoft Windows XP Version 5.1 (Build 2600) Service Pack 3; ESRI ArcCatalog 9.3.1.1850</native>
		<natvform Sync="TRUE">Shapefile</natvform><ptcontac><cntinfo><cntpos>State Parks Bureau </cntpos><cntorgp><cntorg>Pennsylvania Department of Conservation and Natural Resources</cntorg></cntorgp></cntinfo></ptcontac></idinfo>
	<dataqual>
		<lineage>
			<procstep>
				<procdesc>Metadata imported.</procdesc>
			</procstep>
			<procstep>
				<procdesc>Dataset copied.</procdesc>
			</procstep>
			<procstep>
				<procdesc>Dataset copied.</procdesc>
			</procstep>
			<procstep><procdesc Sync="TRUE">Metadata imported.</procdesc><procdate Sync="TRUE">201109</procdate><proctime Sync="TRUE">09245900</proctime></procstep></lineage>
	</dataqual>
	<spdoinfo>
		<direct Sync="TRUE">Vector</direct>
		<ptvctinf>
			<sdtsterm Name="DCNR_StateParks201109">
				<sdtstype Sync="TRUE">G-polygon</sdtstype>
				<ptvctcnt Sync="TRUE">119</ptvctcnt>
			</sdtsterm>
			<esriterm Name="DCNR_StateParks201109"><efeatyp Sync="TRUE">Simple</efeatyp><efeageom Sync="TRUE">Polygon</efeageom><esritopo Sync="TRUE">FALSE</esritopo><efeacnt Sync="TRUE">119</efeacnt><spindex Sync="TRUE">TRUE</spindex><linrefer Sync="TRUE">FALSE</linrefer></esriterm></ptvctinf>
	</spdoinfo>
	<spref>
		<horizsys>
			<geodetic>
				<horizdn Sync="TRUE">North American Datum of 1983</horizdn>
				<ellips Sync="TRUE">Geodetic Reference System 80</ellips>
				<semiaxis Sync="TRUE">6378137.000000</semiaxis>
				<denflat Sync="TRUE">298.257222</denflat>
			</geodetic>
			<cordsysn><geogcsn Sync="TRUE">GCS_North_American_1983</geogcsn><projcsn Sync="TRUE">NAD_1983_StatePlane_Pennsylvania_South_FIPS_3702_Feet</projcsn></cordsysn><planar><planci><plance Sync="TRUE">coordinate pair</plance><plandu Sync="TRUE">survey feet</plandu><coordrep><absres Sync="TRUE">0.000000</absres><ordres Sync="TRUE">0.000000</ordres></coordrep></planci><mapproj><mapprojn Sync="TRUE">Lambert Conformal Conic</mapprojn><lambertc><stdparll Sync="TRUE">39.933333</stdparll><stdparll Sync="TRUE">40.966667</stdparll><longcm Sync="TRUE">-77.750000</longcm><latprjo Sync="TRUE">39.333333</latprjo><feast Sync="TRUE">1968500.000000</feast><fnorth Sync="TRUE">0.000000</fnorth></lambertc></mapproj></planar></horizsys>
	</spref>
	<eainfo>
		<detailed Name="DCNR_StateParks201109">
			<enttyp>
				<enttypl>DCNR_StateParks201308</enttypl>
				<enttypt Sync="TRUE">Feature Class</enttypt><enttypc Sync="TRUE">119</enttypc></enttyp>
			<attr>
				<attrlabl>FID</attrlabl>
				<attrdef>Internal feature number.</attrdef>
				<attrdefs>ESRI</attrdefs>
				<attrdomv>
					<udom>Sequential unique whole numbers that are automatically generated.</udom>
				</attrdomv>
				<attalias Sync="TRUE">FID</attalias><attrtype Sync="TRUE">OID</attrtype><attwidth Sync="TRUE">4</attwidth><atprecis Sync="TRUE">0</atprecis><attscale Sync="TRUE">0</attscale></attr>
			<attr>
				<attrlabl>Shape</attrlabl>
				<attrdef>Feature geometry.</attrdef>
				<attrdefs>ESRI</attrdefs>
				<attrdomv>
					<udom>Coordinates defining the features.</udom>
				</attrdomv>
				<attalias Sync="TRUE">Shape</attalias><attrtype Sync="TRUE">Geometry</attrtype><attwidth Sync="TRUE">0</attwidth><atprecis Sync="TRUE">0</atprecis><attscale Sync="TRUE">0</attscale></attr>
			<attr><attrlabl Sync="TRUE">Park_Name</attrlabl><attalias Sync="TRUE">Park_Name</attalias><attrtype Sync="TRUE">String</attrtype><attwidth Sync="TRUE">35</attwidth></attr><attr><attrlabl Sync="TRUE">SHAPE_Leng</attrlabl><attalias Sync="TRUE">SHAPE_Leng</attalias><attrtype Sync="TRUE">Float</attrtype><attwidth Sync="TRUE">19</attwidth><atnumdec Sync="TRUE">11</atnumdec></attr><attr><attrlabl Sync="TRUE">SHAPE_Area</attrlabl><attalias Sync="TRUE">SHAPE_Area</attalias><attrtype Sync="TRUE">Float</attrtype><attwidth Sync="TRUE">19</attwidth><attrdef Sync="TRUE">Area of feature in internal units squared.</attrdef><attrdefs Sync="TRUE">ESRI</attrdefs><attrdomv><udom Sync="TRUE">Positive real numbers that are automatically generated.</udom></attrdomv><atnumdec Sync="TRUE">11</atnumdec></attr></detailed>
	</eainfo>
	<distinfo>
		<distrib>
			<cntinfo>
				<cntorgp>
					<cntorg>Pennsylvania Spatial Data Access (PASDA)</cntorg>
				</cntorgp>
				<cntaddr>
					<addrtype>mailing address</addrtype>
					<address>115 Land and Water Building</address>
					<city>University Park</city>
					<state>PA</state>
					<postal>16802</postal>
					<country>USA</country>
				</cntaddr>
				<cntemail>pasda@psu.edu</cntemail>
				<cntvoice>814-865-8792 </cntvoice></cntinfo>
		</distrib>
		<resdesc>downloadabledata</resdesc>
		<distliab>The USER shall indemnify, save harmless, and, if requested, defend those parties involved with the development and distribution of this data, their officers, agents, and employees from and against any suits, claims, or actions for injury, death, or property damage arising out of the use of or any defect in the FILES or any accompanying documentation. Those parties involved with the development and distribution excluded any and all implied warranties, including warranties or merchantability and fitness for a particular purpose and makes no warranty or representation, either express or implied, with respect to the FILES or accompanying documentation, including its quality, performance, merchantability, or fitness for a particular purpose. The FILES and documentation are provided "as is" and the USER assumes the entire risk as to its quality and performance. Those parties involved with the development and distribution of this data will not be liable for any direct, indirect, special, incidental, or consequential damages arising out of the use or inability to use the FILES or any accompanying documentation.</distliab>
		<stdorder>
			<digform>
				<digtinfo>
					<transize>0.736</transize>
					<dssize Sync="TRUE">0.552</dssize></digtinfo>
				<digtopt>
					<onlinopt>
						<computer>
							<networka>
								<networkr>dcnr_stateparkbound_2003</networkr>
							</networka>
						</computer>
					</onlinopt>
				</digtopt>
			</digform>
		</stdorder>
	</distinfo>
	<metainfo>
		<metd>201308</metd>
		<metc>
			<cntinfo>
				<cntorgp>
					<cntorg>Pennsylvania Spatial Data Access (PASDA)</cntorg>
				</cntorgp>
				<cntpos>Metadata Coordinator</cntpos>
				<cntaddr>
					<addrtype>mailing address</addrtype>
					<address>115 Land and Water Building</address>
					<city>University Park</city>
					<state>PA</state>
					<postal>16802</postal>
					<country>USA</country>
				</cntaddr>
				<cntvoice>814-865-8792 </cntvoice>
				<cntemail>pasda@psu.edu</cntemail>
			</cntinfo>
		</metc>
		<metstdn Sync="TRUE">FGDC Content Standards for Digital Geospatial Metadata</metstdn>
		<metstdv Sync="TRUE">FGDC-STD-001-1998</metstdv>
		<mettc Sync="TRUE">local time</mettc>
		<metextns>
			<onlink>http://www.esri.com/metadata/esriprof80.html</onlink>
			<metprof>ESRI Metadata Profile</metprof>
		</metextns>
		<langmeta Sync="TRUE">en</langmeta><metextns><onlink Sync="TRUE">http://www.esri.com/metadata/esriprof80.html</onlink><metprof Sync="TRUE">ESRI Metadata Profile</metprof></metextns></metainfo>
	<Esri><ModDate>201109</ModDate><ModTime>09424400</ModTime><MetaID>{E1A3337E-3CAB-47C1-A1E9-A5829F4A8DC9}</MetaID><CreaDate>201109</CreaDate><CreaTime>09245900</CreaTime><SyncOnce>FALSE</SyncOnce><SyncDate>201109</SyncDate><SyncTime>09250000</SyncTime></Esri><mdDateSt Sync="TRUE">201109</mdDateSt><dataIdInfo><envirDesc Sync="TRUE">Microsoft Windows XP Version 5.1 (Build 2600) Service Pack 3; ESRI ArcCatalog 9.3.1.1850</envirDesc><dataLang><languageCode Sync="TRUE" value="en"></languageCode></dataLang><idCitation><resTitle Sync="TRUE">DCNR_StateParks201109</resTitle><presForm><PresFormCd Sync="TRUE" value="005"></PresFormCd></presForm></idCitation><spatRpType><SpatRepTypCd Sync="TRUE" value="001"></SpatRepTypCd></spatRpType><dataExt><geoEle><GeoBndBox esriExtentType="native"><westBL Sync="TRUE">1206084.307115</westBL><eastBL Sync="TRUE">2799856.207864</eastBL><northBL Sync="TRUE">1043126.178984</northBL><southBL Sync="TRUE">147796.702077</southBL><exTypeCode Sync="TRUE">1</exTypeCode></GeoBndBox></geoEle></dataExt><geoBox esriExtentType="decdegrees"><westBL Sync="TRUE">-80.561371</westBL><eastBL Sync="TRUE">-74.68461</eastBL><northBL Sync="TRUE">42.196208</northBL><southBL Sync="TRUE">39.700861</southBL><exTypeCode Sync="TRUE">1</exTypeCode></geoBox></dataIdInfo><mdLang><languageCode Sync="TRUE" value="en"></languageCode></mdLang><mdStanName Sync="TRUE">ISO 19115 Geographic Information - Metadata</mdStanName><mdStanVer Sync="TRUE">DIS_ESRI1.0</mdStanVer><mdChar><CharSetCd Sync="TRUE" value="004"></CharSetCd></mdChar><mdHrLv><ScopeCd Sync="TRUE" value="005"></ScopeCd></mdHrLv><mdHrLvName Sync="TRUE">dataset</mdHrLvName><distInfo><distributor><distorTran><onLineSrc><orDesc Sync="TRUE">002</orDesc><linkage Sync="TRUE">file://\\PC36\D$\dcnr\DCNR_StateParks201109.shp</linkage><protocol Sync="TRUE">Local Area Network</protocol></onLineSrc><transSize Sync="TRUE">0.552</transSize></distorTran><distorFormat><formatName Sync="TRUE">Shapefile</formatName></distorFormat></distributor></distInfo><refSysInfo><RefSystem><refSysID><identCode Sync="TRUE">NAD_1983_StatePlane_Pennsylvania_South_FIPS_3702_Feet</identCode></refSysID></RefSystem></refSysInfo><spatRepInfo><VectSpatRep><topLvl><TopoLevCd Sync="TRUE" value="001"></TopoLevCd></topLvl><geometObjs Name="DCNR_StateParks201109"><geoObjTyp><GeoObjTypCd Sync="TRUE" value="001"></GeoObjTypCd></geoObjTyp><geoObjCnt Sync="TRUE">119</geoObjCnt></geometObjs></VectSpatRep></spatRepInfo></metadata>
