<metadata xml:lang="en"><Esri><CreaDate>20141027</CreaDate><CreaTime>14243500</CreaTime><ArcGISFormat>1.0</ArcGISFormat><ArcGISstyle>ISO 19139 Metadata Implementation Specification</ArcGISstyle><SyncOnce>FALSE</SyncOnce><DataProperties><lineage><Process ToolSource="c:\arcgis\desktop10.2\ArcToolbox\Toolboxes\Data Management Tools.tbx\CalculateField" Date="20141027" Time="123526" Name="" export="">CalculateField CSCL_Centerline_Bike_WithAttr Street [Street_1] VB #</Process><Process ToolSource="c:\arcgis\desktop10.2\ArcToolbox\Toolboxes\Data Management Tools.tbx\CalculateField" Date="20141027" Time="123545" Name="" export="">CalculateField CSCL_Centerline_Bike_WithAttr BORO [BORO_1] VB #</Process><Process ToolSource="c:\arcgis\desktop10.2\ArcToolbox\Toolboxes\Data Management Tools.tbx\CalculateField" Date="20141027" Time="123618" Name="" export="">CalculateField CSCL_Centerline_Bike_WithAttr FACILITYCL [FACILITYCL_1] VB #</Process><Process ToolSource="c:\arcgis\desktop10.2\ArcToolbox\Toolboxes\Data Management Tools.tbx\CalculateField" Date="20141027" Time="123635" Name="" export="">CalculateField CSCL_Centerline_Bike_WithAttr FROMSTREET [FROMSTREET_1] VB #</Process><Process ToolSource="c:\arcgis\desktop10.2\ArcToolbox\Toolboxes\Data Management Tools.tbx\CalculateField" Date="20141027" Time="123650" Name="" export="">CalculateField CSCL_Centerline_Bike_WithAttr TOSTREET [TOSTREET_1] VB #</Process><Process ToolSource="c:\arcgis\desktop10.2\ArcToolbox\Toolboxes\Data Management Tools.tbx\CalculateField" Date="20141027" Time="123709" Name="" export="">CalculateField CSCL_Centerline_Bike_WithAttr qaqc_notes [qaqc_notes_1] VB #</Process><Process ToolSource="c:\arcgis\desktop10.2\ArcToolbox\Toolboxes\Data Management Tools.tbx\CalculateField" Date="20141027" Time="123725" Name="" export="">CalculateField CSCL_Centerline_Bike_WithAttr LastEditBy [LastEditBy_1] VB #</Process><Process ToolSource="c:\arcgis\desktop10.2\ArcToolbox\Toolboxes\Data Management Tools.tbx\CalculateField" Date="20141027" Time="123741" Name="" export="">CalculateField CSCL_Centerline_Bike_WithAttr OnOffSt [OnOffSt_1] VB #</Process><Process ToolSource="c:\arcgis\desktop10.2\ArcToolbox\Toolboxes\Data Management Tools.tbx\CalculateField" Date="20141027" Time="123802" Name="" export="">CalculateField CSCL_Centerline_Bike_WithAttr AllClasses [AllClasses_1] VB #</Process><Process ToolSource="c:\arcgis\desktop10.2\ArcToolbox\Toolboxes\Data Management Tools.tbx\CalculateField" Date="20141027" Time="123820" Name="" export="">CalculateField CSCL_Centerline_Bike_WithAttr InstDate [InstDate_1] VB #</Process><Process ToolSource="c:\arcgis\desktop10.2\ArcToolbox\Toolboxes\Data Management Tools.tbx\CalculateField" Date="20141027" Time="123837" Name="" export="">CalculateField CSCL_Centerline_Bike_WithAttr ModDate [ModDate_1] VB #</Process><Process ToolSource="c:\arcgis\desktop10.2\ArcToolbox\Toolboxes\Data Management Tools.tbx\CalculateField" Date="20141027" Time="123857" Name="" export="">CalculateField CSCL_Centerline_Bike_WithAttr Comments [Comments_1] VB #</Process><Process ToolSource="c:\arcgis\desktop10.2\ArcToolbox\Toolboxes\Data Management Tools.tbx\CalculateField" Date="20141027" Time="123918" Name="" export="">CalculateField CSCL_Centerline_Bike_WithAttr BikeDir [BikeDir_1] VB #</Process><Process ToolSource="c:\arcgis\desktop10.2\ArcToolbox\Toolboxes\Data Management Tools.tbx\CalculateField" Date="20141027" Time="123937" Name="" export="">CalculateField CSCL_Centerline_Bike_WithAttr LaneCount [LaneCount_1] VB #</Process><Process ToolSource="c:\arcgis\desktop10.2\ArcToolbox\Toolboxes\Data Management Tools.tbx\CalculateField" Date="20141027" Time="124013" Name="" export="">CalculateField CSCL_Centerline_Bike_WithAttr Jurisdict [Jurisdict_1] VB #</Process><Process ToolSource="c:\arcgis\desktop10.2\ArcToolbox\Toolboxes\Data Management Tools.tbx\CalculateField" Date="20141027" Time="124034" Name="" export="">CalculateField CSCL_Centerline_Bike_WithAttr FT_Facility [FT_Facility_1] VB #</Process><Process ToolSource="c:\arcgis\desktop10.2\ArcToolbox\Toolboxes\Data Management Tools.tbx\CalculateField" Date="20141027" Time="124053" Name="" export="">CalculateField CSCL_Centerline_Bike_WithAttr TF_Facility [TF_Facility_1] VB #</Process><Process ToolSource="c:\arcgis\desktop10.2\ArcToolbox\Toolboxes\Data Management Tools.tbx\CalculateField" Date="20141027" Time="124113" Name="" export="">CalculateField CSCL_Centerline_Bike_WithAttr LastEdited [LastEdited_1] VB #</Process><Process ToolSource="c:\arcgis\desktop10.2\ArcToolbox\Toolboxes\Data Management Tools.tbx\CalculateField" Date="20141027" Time="124130" Name="" export="">CalculateField CSCL_Centerline_Bike_WithAttr ProjectID [ProjectID_1] VB #</Process><Process ToolSource="c:\arcgis\desktop10.2\ArcToolbox\Toolboxes\Data Management Tools.tbx\CalculateField" Date="20141027" Time="124151" Name="" export="">CalculateField CSCL_Centerline_Bike_WithAttr EndDate "[EndDate_1] " VB #</Process><Process ToolSource="c:\arcgis\desktop10.2\ArcToolbox\Toolboxes\Data Management Tools.tbx\DeleteField" Date="20141027" Time="124803" Name="" export="">DeleteField CSCL_Centerline_Bike_WithAttr OBJECTID_1;Street_1;SegmentID_1;BORO_1;FACILITYCL_1;FROMSTREET_1;TOSTREET_1;qaqc_notes_1;LastEditBy_1;OnOffSt_1;AllClasses_1;InstDate_1;ModDate_1;Comments_1;BikeDir_1;LaneCount_1;Lane_Miles_1;Miles_1;Jurisdict_1;FT_Facility_1;TF_Facility_1;LastEdited_1;ProjectID_1;EndDate_1</Process><Process ToolSource="c:\arcgis\desktop10.2\ArcToolbox\Toolboxes\Conversion Tools.tbx\FeatureClassToFeatureClass" Date="20141117" Time="112520">FeatureClassToFeatureClass T:\GIS\Projects\DCP\CSCL_OSM\GDB\CSCL_Centerline_Bike_Conflated.gdb\CSCL_Centerline_Bike_WithAttr T:\GIS\Projects\DCP\CSCL_OSM\SHP CSCL_BikeRoute.shp # "Street "Street" true true false 32 Text 0 0 ,First,#,T:\GIS\Projects\DCP\CSCL_OSM\GDB\CSCL_Centerline_Bike_Conflated.gdb\CSCL_Centerline_Bike_WithAttr,Street,-1,-1;BORO "BORO" true true false 4 Long 0 0 ,First,#,T:\GIS\Projects\DCP\CSCL_OSM\GDB\CSCL_Centerline_Bike_Conflated.gdb\CSCL_Centerline_Bike_WithAttr,BORO,-1,-1;FACILITYCL "FACILITYCL" true true false 4 Text 0 0 ,First,#,T:\GIS\Projects\DCP\CSCL_OSM\GDB\CSCL_Centerline_Bike_Conflated.gdb\CSCL_Centerline_Bike_WithAttr,FACILITYCL,-1,-1;FROMSTREET "FROMSTREET" true true false 35 Text 0 0 ,First,#,T:\GIS\Projects\DCP\CSCL_OSM\GDB\CSCL_Centerline_Bike_Conflated.gdb\CSCL_Centerline_Bike_WithAttr,FROMSTREET,-1,-1;TOSTREET "TOSTREET" true true false 35 Text 0 0 ,First,#,T:\GIS\Projects\DCP\CSCL_OSM\GDB\CSCL_Centerline_Bike_Conflated.gdb\CSCL_Centerline_Bike_WithAttr,TOSTREET,-1,-1;qaqc_notes "qaqc_notes" true true false 254 Text 0 0 ,First,#,T:\GIS\Projects\DCP\CSCL_OSM\GDB\CSCL_Centerline_Bike_Conflated.gdb\CSCL_Centerline_Bike_WithAttr,qaqc_notes,-1,-1;LastEditBy "LastEditBy" true true false 20 Text 0 0 ,First,#,T:\GIS\Projects\DCP\CSCL_OSM\GDB\CSCL_Centerline_Bike_Conflated.gdb\CSCL_Centerline_Bike_WithAttr,LastEditBy,-1,-1;OnOffSt "OnOffSt" true true false 10 Text 0 0 ,First,#,T:\GIS\Projects\DCP\CSCL_OSM\GDB\CSCL_Centerline_Bike_Conflated.gdb\CSCL_Centerline_Bike_WithAttr,OnOffSt,-1,-1;AllClasses "AllClasses" true true false 12 Text 0 0 ,First,#,T:\GIS\Projects\DCP\CSCL_OSM\GDB\CSCL_Centerline_Bike_Conflated.gdb\CSCL_Centerline_Bike_WithAttr,AllClasses,-1,-1;InstDate "InstDate" true true false 8 Date 0 0 ,First,#,T:\GIS\Projects\DCP\CSCL_OSM\GDB\CSCL_Centerline_Bike_Conflated.gdb\CSCL_Centerline_Bike_WithAttr,InstDate,-1,-1;ModDate "ModDate" true true false 8 Date 0 0 ,First,#,T:\GIS\Projects\DCP\CSCL_OSM\GDB\CSCL_Centerline_Bike_Conflated.gdb\CSCL_Centerline_Bike_WithAttr,ModDate,-1,-1;Comments "Comments" true true false 254 Text 0 0 ,First,#,T:\GIS\Projects\DCP\CSCL_OSM\GDB\CSCL_Centerline_Bike_Conflated.gdb\CSCL_Centerline_Bike_WithAttr,Comments,-1,-1;BikeDir "BikeDir" true true false 1 Text 0 0 ,First,#,T:\GIS\Projects\DCP\CSCL_OSM\GDB\CSCL_Centerline_Bike_Conflated.gdb\CSCL_Centerline_Bike_WithAttr,BikeDir,-1,-1;LaneCount "LaneCount" true true false 2 Short 0 0 ,First,#,T:\GIS\Projects\DCP\CSCL_OSM\GDB\CSCL_Centerline_Bike_Conflated.gdb\CSCL_Centerline_Bike_WithAttr,LaneCount,-1,-1;Lane_Miles "Lane_Miles" true true false 8 Double 0 0 ,First,#,T:\GIS\Projects\DCP\CSCL_OSM\GDB\CSCL_Centerline_Bike_Conflated.gdb\CSCL_Centerline_Bike_WithAttr,Lane_Miles,-1,-1;Miles "Miles" true true false 8 Double 0 0 ,First,#,T:\GIS\Projects\DCP\CSCL_OSM\GDB\CSCL_Centerline_Bike_Conflated.gdb\CSCL_Centerline_Bike_WithAttr,Miles,-1,-1;Jurisdict "Jurisdict" true true false 50 Text 0 0 ,First,#,T:\GIS\Projects\DCP\CSCL_OSM\GDB\CSCL_Centerline_Bike_Conflated.gdb\CSCL_Centerline_Bike_WithAttr,Jurisdict,-1,-1;FT_Facilit "FT_Facility" true true false 50 Text 0 0 ,First,#,T:\GIS\Projects\DCP\CSCL_OSM\GDB\CSCL_Centerline_Bike_Conflated.gdb\CSCL_Centerline_Bike_WithAttr,FT_Facility,-1,-1;TF_Facilit "TF_Facility" true true false 50 Text 0 0 ,First,#,T:\GIS\Projects\DCP\CSCL_OSM\GDB\CSCL_Centerline_Bike_Conflated.gdb\CSCL_Centerline_Bike_WithAttr,TF_Facility,-1,-1;LastEdited "LastEdited" true true false 8 Date 0 0 ,First,#,T:\GIS\Projects\DCP\CSCL_OSM\GDB\CSCL_Centerline_Bike_Conflated.gdb\CSCL_Centerline_Bike_WithAttr,LastEdited,-1,-1;ProjectID "ProjectID" true true false 8 Text 0 0 ,First,#,T:\GIS\Projects\DCP\CSCL_OSM\GDB\CSCL_Centerline_Bike_Conflated.gdb\CSCL_Centerline_Bike_WithAttr,ProjectID,-1,-1;EndDate "EndDate" true true false 8 Date 0 0 ,First,#,T:\GIS\Projects\DCP\CSCL_OSM\GDB\CSCL_Centerline_Bike_Conflated.gdb\CSCL_Centerline_Bike_WithAttr,EndDate,-1,-1;SEGMENTID "cscl_SEGMENTID" true true false 4 Long 0 0 ,First,#,T:\GIS\Projects\DCP\CSCL_OSM\GDB\CSCL_Centerline_Bike_Conflated.gdb\CSCL_Centerline_Bike_WithAttr,SEGMENTID,-1,-1;PHYSICALID "cscl_PHYSICALID" true true false 4 Long 0 0 ,First,#,T:\GIS\Projects\DCP\CSCL_OSM\GDB\CSCL_Centerline_Bike_Conflated.gdb\CSCL_Centerline_Bike_WithAttr,PHYSICALID,-1,-1" #</Process></lineage><itemProps><itemName Sync="TRUE">CSCL_BikeRoute</itemName><imsContentType Sync="TRUE">002</imsContentType><nativeExtBox><westBL Sync="TRUE">913826.166755</westBL><eastBL Sync="TRUE">1062516.973703</eastBL><southBL Sync="TRUE">120826.237728</southBL><northBL Sync="TRUE">271908.860431</northBL><exTypeCode Sync="TRUE">1</exTypeCode></nativeExtBox><itemLocation><linkage Sync="TRUE">file://\\doitt.nycnet\gisroot\GIS\Projects\DCP\CSCL_OSM\SHP\CSCL_BikeRoute.shp</linkage><protocol Sync="TRUE">Local Area Network</protocol></itemLocation><itemSize Sync="TRUE">2.533</itemSize></itemProps><coordRef><type Sync="TRUE">Projected</type><geogcsn Sync="TRUE">GCS_North_American_1983</geogcsn><csUnits Sync="TRUE">Linear Unit: Foot_US (0.304801)</csUnits><projcsn Sync="TRUE">NAD_1983_StatePlane_New_York_Long_Island_FIPS_3104_Feet</projcsn><peXml Sync="TRUE">&lt;ProjectedCoordinateSystem xsi:type='typens:ProjectedCoordinateSystem' xmlns:xsi='http://www.w3.org/2001/XMLSchema-instance' xmlns:xs='http://www.w3.org/2001/XMLSchema' xmlns:typens='http://www.esri.com/schemas/ArcGIS/10.1'&gt;&lt;WKT&gt;PROJCS[&amp;quot;NAD_1983_StatePlane_New_York_Long_Island_FIPS_3104_Feet&amp;quot;,GEOGCS[&amp;quot;GCS_North_American_1983&amp;quot;,DATUM[&amp;quot;D_North_American_1983&amp;quot;,SPHEROID[&amp;quot;GRS_1980&amp;quot;,6378137.0,298.257222101]],PRIMEM[&amp;quot;Greenwich&amp;quot;,0.0],UNIT[&amp;quot;Degree&amp;quot;,0.0174532925199433]],PROJECTION[&amp;quot;Lambert_Conformal_Conic&amp;quot;],PARAMETER[&amp;quot;False_Easting&amp;quot;,984250.0],PARAMETER[&amp;quot;False_Northing&amp;quot;,0.0],PARAMETER[&amp;quot;Central_Meridian&amp;quot;,-74.0],PARAMETER[&amp;quot;Standard_Parallel_1&amp;quot;,40.66666666666666],PARAMETER[&amp;quot;Standard_Parallel_2&amp;quot;,41.03333333333333],PARAMETER[&amp;quot;Latitude_Of_Origin&amp;quot;,40.16666666666666],UNIT[&amp;quot;Foot_US&amp;quot;,0.3048006096012192],AUTHORITY[&amp;quot;EPSG&amp;quot;,2263]]&lt;/WKT&gt;&lt;XOrigin&gt;-120039300&lt;/XOrigin&gt;&lt;YOrigin&gt;-96540300&lt;/YOrigin&gt;&lt;XYScale&gt;37212589.015695661&lt;/XYScale&gt;&lt;ZOrigin&gt;-100000&lt;/ZOrigin&gt;&lt;ZScale&gt;10000&lt;/ZScale&gt;&lt;MOrigin&gt;-100000&lt;/MOrigin&gt;&lt;MScale&gt;10000&lt;/MScale&gt;&lt;XYTolerance&gt;0.0032808333333333331&lt;/XYTolerance&gt;&lt;ZTolerance&gt;0.001&lt;/ZTolerance&gt;&lt;MTolerance&gt;0.001&lt;/MTolerance&gt;&lt;HighPrecision&gt;true&lt;/HighPrecision&gt;&lt;WKID&gt;102718&lt;/WKID&gt;&lt;LatestWKID&gt;2263&lt;/LatestWKID&gt;&lt;/ProjectedCoordinateSystem&gt;</peXml></coordRef></DataProperties><SyncDate>20141117</SyncDate><SyncTime>11255800</SyncTime><ModDate>20141117</ModDate><ModTime>11255800</ModTime><scaleRange><minScale>150000000</minScale><maxScale>5000</maxScale></scaleRange><ArcGISProfile>ISO19139</ArcGISProfile></Esri><dataIdInfo><envirDesc Sync="TRUE">Microsoft Windows 7 Version 6.1 (Build 7601) Service Pack 1; Esri ArcGIS 10.2.0.3348</envirDesc><dataLang><languageCode value="eng" Sync="TRUE"/><countryCode value="USA" Sync="TRUE"/></dataLang><idCitation><resTitle Sync="TRUE">CSCL_BikeRoute</resTitle><presForm><PresFormCd value="005" Sync="TRUE"/></presForm></idCitation><spatRpType><SpatRepTypCd value="001" Sync="TRUE"/></spatRpType><dataExt><geoEle xmlns=""><GeoBndBox esriExtentType="search"><exTypeCode Sync="TRUE">1</exTypeCode><westBL Sync="TRUE">-74.254794</westBL><eastBL Sync="TRUE">-73.716830</eastBL><northBL Sync="TRUE">40.913000</northBL><southBL Sync="TRUE">40.497970</southBL></GeoBndBox></geoEle></dataExt><idPurp>DOT bicycle route data from BikeRoutes2014 conflated to CSCL Centerlines current to 10/03/2014</idPurp><idAbs>&lt;DIV STYLE="text-align:Left;"&gt;&lt;DIV&gt;&lt;P&gt;&lt;SPAN&gt;This dataset was created to update the bicycle feature class to make it consistent with the CSCL Centerline feature class. NYC DOT bicycle data from the BikeRoutes2014 feature class was conflated to CSCL Centerline features (current to 10/03/2014). This dataset contains the centerline features plus PHYSICALID and SEGMENTID from CSCL.Centerline and all of the attributes from BikeRoutes2014.&lt;/SPAN&gt;&lt;/P&gt;&lt;/DIV&gt;&lt;/DIV&gt;</idAbs></dataIdInfo><mdLang><languageCode value="eng" Sync="TRUE"/><countryCode value="USA" Sync="TRUE"/></mdLang><distInfo><distFormat><formatName Sync="TRUE">Shapefile</formatName></distFormat><distTranOps><transSize Sync="TRUE">2.533</transSize></distTranOps></distInfo><mdHrLv><ScopeCd value="005" Sync="TRUE"/></mdHrLv><mdHrLvName Sync="TRUE">dataset</mdHrLvName><refSysInfo><RefSystem><refSysID><identCode code="2263" Sync="TRUE"/><idCodeSpace Sync="TRUE">EPSG</idCodeSpace><idVersion Sync="TRUE">8.1.1</idVersion></refSysID></RefSystem></refSysInfo><spatRepInfo><VectSpatRep><geometObjs Name="CSCL_BikeRoute"><geoObjTyp><GeoObjTypCd value="002" Sync="TRUE"></GeoObjTypCd></geoObjTyp><geoObjCnt Sync="TRUE">26646</geoObjCnt></geometObjs><topLvl><TopoLevCd value="001" Sync="TRUE"></TopoLevCd></topLvl></VectSpatRep></spatRepInfo><spdoinfo><ptvctinf><esriterm Name="CSCL_BikeRoute"><efeatyp Sync="TRUE">Simple</efeatyp><efeageom code="3" Sync="TRUE"></efeageom><esritopo Sync="TRUE">FALSE</esritopo><efeacnt Sync="TRUE">26646</efeacnt><spindex Sync="TRUE">FALSE</spindex><linrefer Sync="TRUE">FALSE</linrefer></esriterm></ptvctinf></spdoinfo><eainfo><detailed Name="CSCL_BikeRoute"><enttyp><enttypl Sync="TRUE">CSCL_BikeRoute</enttypl><enttypt Sync="TRUE">Feature Class</enttypt><enttypc Sync="TRUE">26646</enttypc></enttyp><attr><attrlabl Sync="TRUE">FID</attrlabl><attalias Sync="TRUE">FID</attalias><attrtype Sync="TRUE">OID</attrtype><attwidth Sync="TRUE">4</attwidth><atprecis Sync="TRUE">0</atprecis><attscale Sync="TRUE">0</attscale><attrdef Sync="TRUE">Internal feature number.</attrdef><attrdefs Sync="TRUE">Esri</attrdefs><attrdomv><udom Sync="TRUE">Sequential unique whole numbers that are automatically generated.</udom></attrdomv></attr><attr><attrlabl Sync="TRUE">SHAPE</attrlabl><attalias Sync="TRUE">Shape</attalias><attrtype Sync="TRUE">Geometry</attrtype><attwidth Sync="TRUE">0</attwidth><atprecis Sync="TRUE">0</atprecis><attscale Sync="TRUE">0</attscale><attrdef Sync="TRUE">Feature geometry.</attrdef><attrdefs Sync="TRUE">Esri</attrdefs><attrdomv><udom Sync="TRUE">Coordinates defining the features.</udom></attrdomv></attr><attr><attrlabl Sync="TRUE">Street</attrlabl><attalias Sync="TRUE">Street</attalias><attrtype Sync="TRUE">String</attrtype><attwidth Sync="TRUE">32</attwidth><atprecis Sync="TRUE">0</atprecis><attscale Sync="TRUE">0</attscale></attr><attr><attrlabl Sync="TRUE">BORO</attrlabl><attalias Sync="TRUE">BORO</attalias><attrtype Sync="TRUE">Integer</attrtype><attwidth Sync="TRUE">9</attwidth><atprecis Sync="TRUE">9</atprecis><attscale Sync="TRUE">0</attscale></attr><attr><attrlabl Sync="TRUE">FACILITYCL</attrlabl><attalias Sync="TRUE">FACILITYCL</attalias><attrtype Sync="TRUE">String</attrtype><attwidth Sync="TRUE">4</attwidth><atprecis Sync="TRUE">0</atprecis><attscale Sync="TRUE">0</attscale></attr><attr><attrlabl Sync="TRUE">FROMSTREET</attrlabl><attalias Sync="TRUE">FROMSTREET</attalias><attrtype Sync="TRUE">String</attrtype><attwidth Sync="TRUE">35</attwidth><atprecis Sync="TRUE">0</atprecis><attscale Sync="TRUE">0</attscale></attr><attr><attrlabl Sync="TRUE">TOSTREET</attrlabl><attalias Sync="TRUE">TOSTREET</attalias><attrtype Sync="TRUE">String</attrtype><attwidth Sync="TRUE">35</attwidth><atprecis Sync="TRUE">0</atprecis><attscale Sync="TRUE">0</attscale></attr><attr><attrlabl Sync="TRUE">qaqc_notes</attrlabl><attalias Sync="TRUE">qaqc_notes</attalias><attrtype Sync="TRUE">String</attrtype><attwidth Sync="TRUE">254</attwidth><atprecis Sync="TRUE">0</atprecis><attscale Sync="TRUE">0</attscale></attr><attr><attrlabl Sync="TRUE">LastEditBy</attrlabl><attalias Sync="TRUE">LastEditBy</attalias><attrtype Sync="TRUE">String</attrtype><attwidth Sync="TRUE">20</attwidth><atprecis Sync="TRUE">0</atprecis><attscale Sync="TRUE">0</attscale></attr><attr><attrlabl Sync="TRUE">OnOffSt</attrlabl><attalias Sync="TRUE">OnOffSt</attalias><attrtype Sync="TRUE">String</attrtype><attwidth Sync="TRUE">10</attwidth><atprecis Sync="TRUE">0</atprecis><attscale Sync="TRUE">0</attscale></attr><attr><attrlabl Sync="TRUE">AllClasses</attrlabl><attalias Sync="TRUE">AllClasses</attalias><attrtype Sync="TRUE">String</attrtype><attwidth Sync="TRUE">12</attwidth><atprecis Sync="TRUE">0</atprecis><attscale Sync="TRUE">0</attscale></attr><attr><attrlabl Sync="TRUE">InstDate</attrlabl><attalias Sync="TRUE">InstDate</attalias><attrtype Sync="TRUE">Date</attrtype><attwidth Sync="TRUE">8</attwidth><atprecis Sync="TRUE">0</atprecis><attscale Sync="TRUE">0</attscale></attr><attr><attrlabl Sync="TRUE">ModDate</attrlabl><attalias Sync="TRUE">ModDate</attalias><attrtype Sync="TRUE">Date</attrtype><attwidth Sync="TRUE">8</attwidth><atprecis Sync="TRUE">0</atprecis><attscale Sync="TRUE">0</attscale></attr><attr><attrlabl Sync="TRUE">Comments</attrlabl><attalias Sync="TRUE">Comments</attalias><attrtype Sync="TRUE">String</attrtype><attwidth Sync="TRUE">254</attwidth><atprecis Sync="TRUE">0</atprecis><attscale Sync="TRUE">0</attscale></attr><attr><attrlabl Sync="TRUE">BikeDir</attrlabl><attalias Sync="TRUE">BikeDir</attalias><attrtype Sync="TRUE">String</attrtype><attwidth Sync="TRUE">1</attwidth><atprecis Sync="TRUE">0</atprecis><attscale Sync="TRUE">0</attscale></attr><attr><attrlabl Sync="TRUE">LaneCount</attrlabl><attalias Sync="TRUE">LaneCount</attalias><attrtype Sync="TRUE">SmallInteger</attrtype><attwidth Sync="TRUE">4</attwidth><atprecis Sync="TRUE">4</atprecis><attscale Sync="TRUE">0</attscale></attr><attr><attrlabl Sync="TRUE">Lane_Miles</attrlabl><attalias Sync="TRUE">Lane_Miles</attalias><attrtype Sync="TRUE">Double</attrtype><attwidth Sync="TRUE">19</attwidth><atprecis Sync="TRUE">0</atprecis><attscale Sync="TRUE">0</attscale></attr><attr><attrlabl Sync="TRUE">Miles</attrlabl><attalias Sync="TRUE">Miles</attalias><attrtype Sync="TRUE">Double</attrtype><attwidth Sync="TRUE">19</attwidth><atprecis Sync="TRUE">0</atprecis><attscale Sync="TRUE">0</attscale></attr><attr><attrlabl Sync="TRUE">Jurisdict</attrlabl><attalias Sync="TRUE">Jurisdict</attalias><attrtype Sync="TRUE">String</attrtype><attwidth Sync="TRUE">50</attwidth><atprecis Sync="TRUE">0</atprecis><attscale Sync="TRUE">0</attscale></attr><attr><attrlabl Sync="TRUE">FT_Facilit</attrlabl><attalias Sync="TRUE">FT_Facilit</attalias><attrtype Sync="TRUE">String</attrtype><attwidth Sync="TRUE">50</attwidth><atprecis Sync="TRUE">0</atprecis><attscale Sync="TRUE">0</attscale></attr><attr><attrlabl Sync="TRUE">TF_Facilit</attrlabl><attalias Sync="TRUE">TF_Facilit</attalias><attrtype Sync="TRUE">String</attrtype><attwidth Sync="TRUE">50</attwidth><atprecis Sync="TRUE">0</atprecis><attscale Sync="TRUE">0</attscale></attr><attr><attrlabl Sync="TRUE">LastEdited</attrlabl><attalias Sync="TRUE">LastEdited</attalias><attrtype Sync="TRUE">Date</attrtype><attwidth Sync="TRUE">8</attwidth><atprecis Sync="TRUE">0</atprecis><attscale Sync="TRUE">0</attscale></attr><attr><attrlabl Sync="TRUE">ProjectID</attrlabl><attalias Sync="TRUE">ProjectID</attalias><attrtype Sync="TRUE">String</attrtype><attwidth Sync="TRUE">8</attwidth><atprecis Sync="TRUE">0</atprecis><attscale Sync="TRUE">0</attscale></attr><attr><attrlabl Sync="TRUE">EndDate</attrlabl><attalias Sync="TRUE">EndDate</attalias><attrtype Sync="TRUE">Date</attrtype><attwidth Sync="TRUE">8</attwidth><atprecis Sync="TRUE">0</atprecis><attscale Sync="TRUE">0</attscale></attr><attr><attrlabl Sync="TRUE">SEGMENTID</attrlabl><attalias Sync="TRUE">SEGMENTID</attalias><attrtype Sync="TRUE">Integer</attrtype><attwidth Sync="TRUE">9</attwidth><atprecis Sync="TRUE">9</atprecis><attscale Sync="TRUE">0</attscale></attr><attr><attrlabl Sync="TRUE">PHYSICALID</attrlabl><attalias Sync="TRUE">PHYSICALID</attalias><attrtype Sync="TRUE">Integer</attrtype><attwidth Sync="TRUE">9</attwidth><atprecis Sync="TRUE">9</atprecis><attscale Sync="TRUE">0</attscale></attr></detailed></eainfo><mdDateSt Sync="TRUE">20141117</mdDateSt></metadata>
